-- MySQL dump 10.13  Distrib 5.6.28, for Linux (x86_64)
--
-- Host: localhost    Database: n0sade5_open104
-- ------------------------------------------------------
-- Server version	5.6.28-log

/*!40101 SET @OLD_CHARACTER_SET_CLIENT=@@CHARACTER_SET_CLIENT */;
/*!40101 SET @OLD_CHARACTER_SET_RESULTS=@@CHARACTER_SET_RESULTS */;
/*!40101 SET @OLD_COLLATION_CONNECTION=@@COLLATION_CONNECTION */;
/*!40101 SET NAMES utf8 */;
/*!40103 SET @OLD_TIME_ZONE=@@TIME_ZONE */;
/*!40103 SET TIME_ZONE='+00:00' */;
/*!40014 SET @OLD_UNIQUE_CHECKS=@@UNIQUE_CHECKS, UNIQUE_CHECKS=0 */;
/*!40014 SET @OLD_FOREIGN_KEY_CHECKS=@@FOREIGN_KEY_CHECKS, FOREIGN_KEY_CHECKS=0 */;
/*!40101 SET @OLD_SQL_MODE=@@SQL_MODE, SQL_MODE='NO_AUTO_VALUE_ON_ZERO' */;
/*!40111 SET @OLD_SQL_NOTES=@@SQL_NOTES, SQL_NOTES=0 */;

--
-- Table structure for table `oc_access`
--

DROP TABLE IF EXISTS `oc_access`;
/*!40101 SET @saved_cs_client     = @@character_set_client */;
/*!40101 SET character_set_client = utf8 */;
CREATE TABLE `oc_access` (
  `id_access` int(10) unsigned NOT NULL AUTO_INCREMENT,
  `id_role` int(10) unsigned NOT NULL,
  `access` varchar(100) NOT NULL,
  PRIMARY KEY (`id_access`)
) ENGINE=MyISAM AUTO_INCREMENT=293 DEFAULT CHARSET=utf8;
/*!40101 SET character_set_client = @saved_cs_client */;

--
-- Dumping data for table `oc_access`
--

LOCK TABLES `oc_access` WRITE;
/*!40000 ALTER TABLE `oc_access` DISABLE KEYS */;
INSERT INTO `oc_access` (`id_access`, `id_role`, `access`) VALUES (1,10,'*.*'),(27,1,'user.*'),(26,1,'profile.*'),(25,1,'myads.*'),(24,1,'messages.*'),(6,5,'translations.*'),(7,5,'profile.*'),(8,5,'stats.user'),(9,5,'content.*'),(10,5,'myads.*'),(11,5,'messages.*'),(271,7,'myads.*'),(270,7,'messages.*'),(269,7,'menu.update'),(268,7,'menu.new'),(267,7,'menu.delete'),(266,7,'menu.*'),(28,1,'user.create'),(29,1,'user.update'),(30,1,'user.delete'),(265,7,'map.*'),(264,7,'location.delete_all'),(263,7,'location.geonames_locations'),(262,7,'location.delete'),(261,7,'location.update'),(260,7,'location.create'),(259,7,'location.*'),(258,7,'import.csv'),(257,7,'import.*'),(256,7,'home.subscribe'),(255,7,'home.*'),(254,7,'fields.remove_category'),(253,7,'fields.add_category'),(252,7,'fields.delete'),(251,7,'fields.update'),(250,7,'fields.new'),(249,7,'fields.index'),(248,7,'fields.*'),(247,7,'coupon.export'),(246,7,'coupon.delete'),(245,7,'coupon.update'),(243,7,'coupon.bulk'),(244,7,'coupon.import'),(242,7,'coupon.create'),(241,7,'coupon.*'),(240,7,'content.delete'),(239,7,'content.edit'),(238,7,'content.create'),(237,7,'content.page'),(236,7,'content.email'),(235,7,'content.*'),(234,7,'config.update'),(233,7,'config.create'),(232,7,'config.delete'),(231,7,'config.index'),(230,7,'config.*'),(229,7,'category.*'),(228,7,'blog.*'),(227,7,'auth.unsubscribe'),(226,7,'auth.ql'),(225,7,'auth.register'),(224,7,'auth.forgot'),(223,7,'auth.logout'),(222,7,'auth.login'),(221,7,'auth.*'),(220,7,'ad.delete_all'),(219,7,'ad.activate'),(218,7,'ad.deactivate'),(217,7,'ad.spam'),(216,7,'ad.delete'),(215,7,'ad.moderate'),(214,7,'ad.*'),(213,7,'access.export'),(212,7,'access.update'),(211,7,'access.create'),(210,7,'access.delete'),(209,7,'access.ajax'),(208,7,'access.index'),(207,7,'access.*'),(272,7,'newsletter.index'),(273,7,'tools.*'),(274,7,'update.*'),(275,7,'profile.*'),(276,7,'review.*'),(277,7,'settings.index'),(278,7,'settings.form'),(279,7,'settings.email'),(280,7,'settings.general'),(281,7,'stats.index'),(282,7,'stats.ads'),(283,7,'stats.users'),(284,7,'stats.visits'),(285,7,'stats.contacts'),(286,7,'theme.options'),(287,7,'theme.mobile'),(288,7,'theme.download'),(289,7,'translations.*'),(290,7,'user.*'),(291,7,'userfields.*'),(292,7,'widget.*');
/*!40000 ALTER TABLE `oc_access` ENABLE KEYS */;
UNLOCK TABLES;

--
-- Table structure for table `oc_ads`
--

DROP TABLE IF EXISTS `oc_ads`;
/*!40101 SET @saved_cs_client     = @@character_set_client */;
/*!40101 SET character_set_client = utf8 */;
CREATE TABLE `oc_ads` (
  `id_ad` int(10) unsigned NOT NULL AUTO_INCREMENT,
  `id_user` int(10) unsigned NOT NULL,
  `id_category` int(10) unsigned NOT NULL DEFAULT '0',
  `id_location` int(10) unsigned NOT NULL DEFAULT '0',
  `title` varchar(145) NOT NULL,
  `seotitle` varchar(145) NOT NULL,
  `description` text NOT NULL,
  `address` varchar(145) DEFAULT '0',
  `latitude` float(10,6) DEFAULT NULL,
  `longitude` float(10,6) DEFAULT NULL,
  `price` decimal(14,3) NOT NULL DEFAULT '0.000',
  `phone` varchar(30) DEFAULT NULL,
  `website` varchar(200) DEFAULT NULL,
  `ip_address` bigint(20) DEFAULT NULL,
  `created` timestamp NOT NULL DEFAULT CURRENT_TIMESTAMP,
  `published` datetime DEFAULT NULL,
  `featured` datetime DEFAULT NULL,
  `last_modified` datetime DEFAULT NULL,
  `status` tinyint(1) NOT NULL DEFAULT '0',
  `has_images` tinyint(1) NOT NULL DEFAULT '0',
  `stock` int(10) unsigned DEFAULT NULL,
  `rate` float(4,2) DEFAULT NULL,
  `favorited` int(10) unsigned NOT NULL DEFAULT '0',
  `cf_dateneededby` datetime DEFAULT NULL,
  `cf_year-range` varchar(256) DEFAULT NULL,
  `cf_year-range-2` varchar(256) DEFAULT NULL,
  `cf_model` varchar(256) DEFAULT NULL,
  `cf_year` int(11) DEFAULT NULL,
  `cf_make` varchar(256) DEFAULT NULL,
  PRIMARY KEY (`id_ad`) USING BTREE,
  UNIQUE KEY `oc_ads_UK_seotitle` (`seotitle`),
  KEY `oc_ads_IK_id_user` (`id_user`),
  KEY `oc_ads_IK_id_category` (`id_category`),
  KEY `oc_ads_IK_title` (`title`),
  KEY `oc_ads_IK_status` (`status`),
  CONSTRAINT `oc_ads_FK_id_category_AT_categories` FOREIGN KEY (`id_category`) REFERENCES `oc_categories` (`id_category`) ON DELETE CASCADE ON UPDATE CASCADE,
  CONSTRAINT `oc_ads_FK_id_user_AT_users` FOREIGN KEY (`id_user`) REFERENCES `oc_users` (`id_user`) ON DELETE CASCADE ON UPDATE CASCADE
) ENGINE=InnoDB AUTO_INCREMENT=122 DEFAULT CHARSET=utf8;
/*!40101 SET character_set_client = @saved_cs_client */;

--
-- Dumping data for table `oc_ads`
--

LOCK TABLES `oc_ads` WRITE;
/*!40000 ALTER TABLE `oc_ads` DISABLE KEYS */;
INSERT INTO `oc_ads` (`id_ad`, `id_user`, `id_category`, `id_location`, `title`, `seotitle`, `description`, `address`, `latitude`, `longitude`, `price`, `phone`, `website`, `ip_address`, `created`, `published`, `featured`, `last_modified`, `status`, `has_images`, `stock`, `rate`, `favorited`, `cf_dateneededby`, `cf_year-range`, `cf_year-range-2`, `cf_model`, `cf_year`, `cf_make`) VALUES (1,1,1,1,'Left Tail Light for Jeep Cherokee 1999','left-tail-light-for-jeep-cherokee-1999','need this asap.','10965 National Blvd, Los Angeles, CA 90064, USA',34.029152,-118.424667,200.000,'3106898853',NULL,NULL,'2015-12-01 01:09:56','2016-01-25 20:26:21',NULL,'2015-11-30 20:11:00',1,0,NULL,NULL,0,NULL,NULL,NULL,NULL,NULL,NULL),(19,1,26,1,'Honda CRV 1998 v6 Engine','2000','I have an engine for a honda crv anyone who has one from 1998-2000 can use it','10965 National Blvd, Los Angeles, CA 90064, USA',34.029060,-118.424728,500.000,'555 555 5555',NULL,NULL,'2015-12-05 20:20:45','2016-01-25 20:26:21',NULL,'2015-12-05 15:21:47',1,0,NULL,NULL,0,NULL,NULL,NULL,NULL,NULL,NULL),(53,1,26,4249,'temp title ','temp-title','need some camry parts','10965 National Blvd, Los Angeles, CA 90064, USA',NULL,NULL,0.000,'34567898764',NULL,NULL,'2016-01-25 03:00:28','2016-01-25 20:26:21',NULL,NULL,50,0,NULL,NULL,0,'2016-01-26 12:00:00',NULL,NULL,'Camry',2000,'Toyota'),(54,1,26,4249,'ghkhghj','ghkhghj','hkjhkjhhkjk','10965 National Blvd, Los Angeles, CA 90064, USA',34.028996,-118.424789,0.000,'1234678765499',NULL,NULL,'2016-01-25 03:03:31','2016-01-25 20:26:21',NULL,NULL,50,0,NULL,NULL,0,'2016-01-26 14:00:00',NULL,NULL,'sdfghj',12345,'asdf'),(55,1,26,4249,'my title','my-title','hjhkhkhkjj','10957 National Blvd, Los Angeles, CA 90064, USA',34.029160,-118.424583,0.000,'2340993848382',NULL,NULL,'2016-01-25 03:13:48','2016-01-25 20:26:21',NULL,NULL,50,1,NULL,NULL,0,'2016-01-26 03:00:00',NULL,NULL,'Mustang',1988,'Ford'),(56,1,26,4249,'corolla','corolla','hjhcjkh','10965 National Blvd, Los Angeles, CA 90064, USA',34.029057,-118.424683,0.000,'310  222 2222',NULL,NULL,'2016-01-25 03:16:39','2016-01-25 20:26:21',NULL,NULL,50,1,NULL,NULL,0,'2016-01-27 10:00:00',NULL,NULL,'Corolla',2010,'Toyota'),(57,1,26,4249,'hsjdhsjkh','hsjdhsjkh','hjkhjkhkj','10965 National Blvd, Los Angeles, CA 90064, USA',34.029095,-118.424667,0.000,'12345676543',NULL,NULL,'2016-01-25 03:44:06','2016-01-25 20:26:21',NULL,NULL,50,0,NULL,NULL,0,'2016-01-26 03:00:00',NULL,NULL,'hjkhjkj',1999,'wyjkhkj'),(58,1,26,4249,'sdfghgjh','sdfghgjh','sdfghfgj','10965 National Blvd, Los Angeles, CA 90064, USA',34.029118,-118.424599,0.000,'234567890',NULL,NULL,'2016-01-25 03:57:48','2016-01-25 20:26:21',NULL,NULL,50,1,NULL,NULL,0,'2016-01-26 01:00:00',NULL,NULL,'sdfgh',12345,'sxfgh'),(59,1,26,4249,'ad 1jhjkk','ad-1jhjkk','jijljljlkkjl','10965 National Blvd, Los Angeles, CA 90064, USA',34.029114,-118.424675,0.000,'3340404040',NULL,NULL,'2016-01-25 04:02:41','2016-01-25 20:26:21',NULL,NULL,50,0,NULL,NULL,0,'2016-01-26 03:01:00',NULL,NULL,'sdfgi',1234,'wertii'),(60,1,26,4249,'hsjkdhskj','hsjkdhskj','hhjkjkjk','10957 National Blvd, Los Angeles, CA 90064, USA',34.029160,-118.424599,0.000,'2303402030',NULL,NULL,'2016-01-25 04:36:13','2016-01-25 20:26:21',NULL,NULL,50,0,NULL,NULL,0,'2016-01-27 12:00:00',NULL,NULL,'hjkhjkhkj',1239,'hjkhkhkj'),(61,1,26,4249,'sdffff','sdffff','sdfgfdsdfgfd','10965 National Blvd, Los Angeles, CA 90064, USA',NULL,NULL,0.000,'',NULL,NULL,'2016-01-25 04:55:17','2016-01-25 20:26:21',NULL,NULL,50,0,NULL,NULL,0,'2016-01-27 01:01:01',NULL,NULL,'dddddd',1234,'dfgfh'),(62,1,26,4249,'tilrofr`','tilrofr','sdfghjklkhgf','10957 National Blvd, Los Angeles, CA 90064, USA',34.029144,-118.424622,0.000,'1234567890',NULL,NULL,'2016-01-25 05:08:02','2016-01-25 20:26:21',NULL,NULL,50,0,NULL,NULL,0,'0000-00-00 00:00:00',NULL,NULL,'sdfghui',12334,'sdui'),(66,1,26,4249,'Ford Focus Parts','ford-focus-parts','need some parts for my ford focus','10957 National Blvd, Los Angeles, CA 90064, USA',NULL,NULL,0.000,'310 689 8852',NULL,NULL,'2016-01-25 07:50:30','2016-01-25 02:50:30',NULL,NULL,50,0,NULL,NULL,0,'2016-01-27 12:00:00',NULL,NULL,'Focus',2001,'Ford'),(67,6,26,4249,'s10 front bumper','s10-front-bumper','Front bumper','528 Concha St, Altadena, CA 91001, USA',NULL,NULL,0.000,'',NULL,NULL,'2016-01-25 14:21:17','2016-01-25 09:21:17',NULL,NULL,50,0,NULL,NULL,0,'0000-00-00 00:00:00',NULL,NULL,'S10',1998,'Chevy'),(68,1,26,4249,'Test ad','test-ad','hjshkjhkhj','10965 National Blvd, Los Angeles, CA 90064, USA',NULL,NULL,0.000,'234 456 7899',NULL,NULL,'2016-01-26 01:21:56','2016-01-25 20:21:56',NULL,NULL,50,0,NULL,NULL,0,'2016-01-27 01:01:00',NULL,NULL,'mmmm',1999,'mmmm'),(69,1,26,4276,'asdfghj','asdfghj','Need some celica parts','12571 Lisa Court',41.995178,-73.825806,0.000,'',NULL,NULL,'2016-01-26 01:54:22','2016-01-25 20:54:22',NULL,NULL,50,0,NULL,NULL,0,'2016-01-28 12:00:00',NULL,NULL,'Celica',1999,'Toyota'),(70,1,26,4249,'Need parts for multiple Honda Models','need-parts-for-multiple-honda-models','I need a few parts for a Civic and Accord let me know if you can help. Need them by Friday...\n\ncivic\npart 1 \npart 2\npart 3\n\naccord\npart 1 \npart 2\n\n','10965 National Blvd, Los Angeles, CA 90064, USA',34.028973,-118.424843,0.000,'310 689 8853',NULL,NULL,'2016-01-26 02:51:32','2016-01-25 21:51:32',NULL,NULL,50,2,NULL,NULL,0,'2016-01-29 12:00:00',NULL,NULL,'Civic, Accord',1999,'Honda'),(71,1,26,0,'QUICK I\'M IN NEED OF A TRANSMISSION!','quick-i-m-in-need-of-a-transmission','I need this asap. Let me know if you have a transmission for a 2010 Tundra.','3441 Sunset Blvd Los Angeles',34.087990,-118.276039,0.000,'310 689 8853',NULL,NULL,'2016-01-26 05:22:16','2016-01-26 00:22:16',NULL,NULL,50,1,NULL,NULL,0,'2016-01-26 08:00:00',NULL,NULL,'Tundra',2010,'Toyota'),(72,9,26,0,'mikes auto','mikes-auto','front bumper','600-616 S Western Ave, Los Angeles, CA 90020, USA',NULL,NULL,0.000,'',NULL,NULL,'2016-01-26 19:27:07','2016-01-26 14:27:07',NULL,NULL,50,0,NULL,NULL,0,'2016-01-28 11:00:00',NULL,NULL,'S10',1998,'Chevy'),(73,1,26,4249,'test map','test-map','need some parts ','3 S Western Ave, Los Angeles, CA 90020, USA',34.063278,-118.309036,0.000,'310 689 8853',NULL,NULL,'2016-01-26 19:32:11','2016-01-26 14:32:11',NULL,NULL,50,0,NULL,NULL,0,'2016-01-27 12:00:00',NULL,NULL,'Bronco',1999,'Ford'),(74,9,26,4249,'mikes auto','mikes-auto-1','front bumper\n','600-616 S Western Ave, Los Angeles, CA 90020, USA',34.063267,-118.309052,0.000,'',NULL,NULL,'2016-01-26 19:36:11','2016-01-26 14:36:11',NULL,NULL,50,0,NULL,NULL,0,'2016-01-27 12:00:00',NULL,NULL,'s10',1998,'Chevy'),(75,9,26,4249,'mikes auto','mikes-auto-2','drivers door','532 concha st altadena ',34.199577,-118.133385,0.000,'',NULL,NULL,'2016-01-26 20:29:22','2016-01-26 15:29:22',NULL,NULL,50,0,NULL,NULL,0,'2016-01-28 12:00:00',NULL,NULL,'camaro',1973,'Chevy'),(76,1,26,4249,'Jesse\'s Auto Body','jesse-s-auto-body','I need an axel for a tundra','5440 Vantage Ave ',34.169823,-118.397835,0.000,'310 689 8853',NULL,NULL,'2016-01-27 00:33:34','2016-01-26 19:33:34',NULL,NULL,50,1,NULL,NULL,0,'2016-02-03 17:23:00',NULL,NULL,'Tundra',2015,'Toyota'),(77,1,26,4249,'Jesse\'s Auto Body','jesse-s-auto-body-1','need some accord parts','10965 National Blvd, Los Angeles, CA 90064, USA',NULL,NULL,0.000,'123 456 7889',NULL,NULL,'2016-01-27 01:39:14','2016-01-26 20:39:14',NULL,NULL,50,0,NULL,NULL,0,'2016-01-27 12:00:00',NULL,NULL,'accord',1999,'honda'),(78,1,26,4249,'test prettyPhoto ','test-prettyphoto','testing default thumbnail','10965 National Blvd, Los Angeles, CA 90064, USA',34.029079,-118.424721,0.000,'234 666  9444',NULL,NULL,'2016-01-27 06:57:30','2016-01-27 01:57:30',NULL,NULL,50,0,NULL,NULL,0,'2016-02-04 12:00:00',NULL,NULL,'Civic',1999,'Honda '),(79,1,26,4249,'wanted test','wanted-test','dsfghjk','10965 National Blvd, Los Angeles, CA 90064, USA',34.029057,-118.424713,0.000,'1234567890',NULL,NULL,'2016-01-27 07:24:30','2016-01-27 02:24:30',NULL,NULL,50,0,NULL,NULL,0,'2016-02-03 10:00:00',NULL,NULL,'qwerty',12345,'qwerty'),(80,6,26,4249,'mikes auto','mikes-auto-3','Drivers side door.','528 Concha St, Altadena, CA 91001, USA',NULL,NULL,0.000,'',NULL,NULL,'2016-02-15 23:17:59','2016-02-15 18:17:59',NULL,NULL,50,0,NULL,NULL,0,'2016-02-16 10:20:00',NULL,NULL,'camaro',1973,'chevy'),(81,1,26,4249,'test for map','test-for-map','this is a test','11999 National Blvd, Los Angeles, CA 90064, USA',34.021542,-118.441002,0.000,'333 333 3333',NULL,NULL,'2016-02-15 23:38:10','2016-02-15 18:38:10',NULL,NULL,50,1,NULL,NULL,0,'2016-02-15 07:00:00',NULL,NULL,'cherokee',1999,'jeep'),(82,1,26,4249,'title','title','hello','3040 Sunset Blvd Los Angeles',34.083820,-118.274323,0.000,'234567890',NULL,NULL,'2016-02-15 23:40:45','2016-02-15 18:40:45',NULL,NULL,50,1,NULL,NULL,0,'2016-02-15 03:00:00',NULL,NULL,'Cherokee',1999,'Jeep'),(83,10,26,4249,'Title','title-1','Jdjxhxhxhd','3130 Sawtelle Blvd, Los Angeles, CA 90066, USA',34.024551,-118.430069,0.000,'34844738282',NULL,NULL,'2016-02-15 23:44:31','2016-02-15 18:44:31',NULL,NULL,50,1,NULL,NULL,0,'2016-02-17 08:00:00',NULL,NULL,'Accord',1999,'Honda'),(84,6,26,4249,'mikes auto','mikes-auto-4','Drivers side door','',NULL,NULL,0.000,'',NULL,NULL,'2016-02-15 23:54:58','2016-02-15 18:54:58',NULL,NULL,50,1,NULL,NULL,0,'2016-02-16 06:00:00',NULL,NULL,'camaro',1973,'chevy'),(85,9,26,4249,'Mikes Auto','mikes-auto-5','test 2, not from mobile','160 walnut st pasadena',34.149471,-118.148361,0.000,'310 566 6788',NULL,NULL,'2016-02-15 23:55:28','2016-02-15 18:55:28',NULL,NULL,50,1,NULL,NULL,0,'2016-02-17 12:00:00',NULL,NULL,'Focus',1999,'Ford'),(86,1,26,4249,'my new car','my-new-car','Testing testing 123','2883 Sunset Blvd Los angeles',34.082859,-118.273224,0.000,'345 555 4444',NULL,NULL,'2016-02-16 07:12:17','2016-02-16 02:12:17',NULL,NULL,50,0,NULL,NULL,0,'2016-02-16 03:20:00',NULL,NULL,'Charger',2003,'Dodge '),(87,1,26,4249,'Big Al\'s Auto','big-al-s-auto','Testing Testing','1234 sunset blvd los angeles',34.069309,-118.250809,0.000,'344000302',NULL,NULL,'2016-02-16 07:15:27','2016-02-16 02:15:27',NULL,NULL,50,0,NULL,NULL,0,'2016-02-17 12:00:00',NULL,NULL,'Ram',1987,'Dodge'),(88,1,26,4249,'BIG JIMMY\'S','big-jimmy-s','testing testing testing testing testing testing testing testing testing testing testing testing testing testing testing testing testing testingtesting testing testingtesting testing testingtesting testing testing','9854 Sunset Blvd Los Angeles ',34.076942,-118.420502,0.000,'345 566 7704',NULL,NULL,'2016-02-16 07:22:39','2016-02-16 02:22:39',NULL,NULL,50,0,NULL,NULL,0,'2016-02-18 12:00:00',NULL,NULL,'F-150',2010,'Ford'),(89,1,26,4249,'no thumb test','no-thumb-test','testnigngfhkfhkj','7564 sunset blvd los angeles',34.097828,-118.354485,0.000,'321342343',NULL,NULL,'2016-02-16 17:11:28','2016-02-16 12:11:28',NULL,NULL,50,0,NULL,NULL,0,'2016-02-17 12:15:00',NULL,NULL,'focus',1223,'ford '),(90,1,26,4249,'Jesse\'s Auto','jesse-s-auto','Lorem ipsum dolor sit amet, consectetur adipisicing elit, sed do eiusmod tempor incididunt ut labore et dolore magna aliqua. Ut enim ad minim veniam, quis nostrud exercitation ullamco laboris nisi ut aliquip ex ea commodo consequat. Duis aute irure dolor in reprehenderit in voluptate velit esse cillum dolore eu fugiat nulla pariatur. Excepteur sint occaecat cupidatat non proident, sunt in culpa qui officia deserunt mollit anim id est laborum. ','10965 National Blvd, Los Angeles, CA 90064, USA',34.029011,-118.424782,0.000,'310 345 3456',NULL,NULL,'2016-02-17 19:12:29','2016-02-17 14:12:29',NULL,NULL,50,0,NULL,NULL,0,'2016-02-17 02:14:00',NULL,NULL,'Cayenne',1984,'Porsche'),(91,1,26,4249,'Jesse\'s Auto Body','jesse-s-auto-body-2','Lorem ipsum dolor sit amet, consectetur adipisicing elit, sed do eiusmod tempor incididunt ut labore et dolore magna aliqua. Ut enim ad minim veniam, quis nostrud exercitation ullamco laboris nisi ut aliquip ex ea commodo consequat. Duis aute irure dolor in reprehenderit in voluptate velit esse cillum dolore eu fugiat nulla pariatur. Excepteur sint occaecat cupidatat non proident, sunt in culpa qui officia deserunt mollit anim id est laborum. ','4556  Sunset Blvd Los Angeles',34.098164,-118.288826,0.000,'456 234 2345',NULL,NULL,'2016-02-17 19:14:24','2016-02-17 14:14:24',NULL,NULL,50,0,NULL,NULL,0,'2016-02-17 03:00:00',NULL,NULL,'Celica',1999,'Toyota'),(92,9,26,4249,'Michael Laird Lamborghini','michael-laird-lamborghini','Lorem ipsum dolor sit amet, consectetur adipisicing elit, sed do eiusmod tempor incididunt ut labore et dolore magna aliqua. Ut enim ad minim veniam, quis nostrud exercitation ullamco laboris nisi ut aliquip ex ea commodo consequat. Duis aute irure dolor in reprehenderit in voluptate velit esse cillum dolore eu fugiat nulla pariatur. Excepteur sint occaecat cupidatat non proident, sunt in culpa qui officia deserunt mollit anim id est laborum. ','420 N Anderson Los Angeles ',34.041645,-118.225197,0.000,'310 898 8888',NULL,NULL,'2016-02-17 19:17:07','2016-02-17 14:20:48',NULL,NULL,50,0,NULL,NULL,0,'2016-02-17 09:25:00',NULL,NULL,'Diablo',2010,'Lamborghini'),(93,1,26,4249,'Japanese Cars Body Shop','japanese-cars-body-shop','[b][i]HellloHellloHellloHellloHellloHellloHellloHellloHellloHellloHellloHellloHellloHellloHellloHellloHellloHellloHellloHellloHellloHellloHellloHellloHellloHellloHellloHellloHellloHellloHellloHellloHelllo[/i][/b]','9886 Sunset Blvd Los Angeles',34.076897,-118.420639,0.000,'666 666 6666',NULL,NULL,'2016-02-17 19:25:19','2016-02-17 14:25:19',NULL,NULL,50,0,NULL,NULL,0,'2016-02-19 12:00:00',NULL,NULL,'Civic',1998,'Honda'),(94,1,26,4249,'Mike\'s Auto Body','mike-s-auto-body','HellloHellloHellloHellloHellloHellloHellloHellloHellloHellloHellloHellloHellloHellloHellloHelllo','424 n palm beverly hills',34.077427,-118.391891,0.000,'3106898853',NULL,NULL,'2016-02-17 19:27:22','2016-02-17 14:27:22',NULL,NULL,50,0,NULL,NULL,0,'2016-02-17 10:00:00',NULL,NULL,'horse carriage',1883,'Ford'),(95,1,26,4249,'Working Ad with Image','working-ad-with-image','Lorem ipsum dolor sit amet, consectetur adipisicing elit, sed do eiusmod tempor incididunt ut labore et dolore magna aliqua. Ut enim ad minim veniam, quis nostrud exercitation ullamco laboris nisi ut aliquip ex ea commodo consequat. Duis aute irure dolor in reprehenderit in voluptate velit esse cillum dolore eu fugiat nulla pariatur. Excepteur sint occaecat cupidatat non proident, sunt in culpa qui officia deserunt mollit anim id est laborum. ','2333 Sunset Blvd Los Angeles',34.078663,-118.267242,0.000,'3106898853',NULL,NULL,'2016-02-17 19:43:37','2016-02-17 14:43:37',NULL,NULL,50,1,NULL,NULL,0,'2016-02-17 02:45:00',NULL,NULL,'Escape',2010,'Ford'),(96,1,26,4249,'Working Ad with Thumb','working-ad-with-thumb','Lorem ipsum dolor sit amet, consectetur adipisicing elit, sed do eiusmod tempor incididunt ut labore et dolore magna aliqua. Ut enim ad minim veniam, quis nostrud exercitation ullamco laboris nisi ut aliquip ex ea commodo consequat. Duis aute irure dolor in reprehenderit in voluptate velit esse cillum dolore eu fugiat nulla pariatur. Excepteur sint occaecat cupidatat non proident, sunt in culpa qui officia deserunt mollit anim id est laborum. ','7654 Sunset Blvd Los Angeles',34.098034,-118.356415,0.000,'310 778 7777',NULL,NULL,'2016-02-17 19:46:28','2016-02-17 14:46:49',NULL,NULL,50,1,NULL,NULL,0,'2016-02-16 02:50:00',NULL,NULL,'Corvette',1988,'Chevy'),(97,1,26,4249,'testing ad with the user image','testing-ad-with-the-user-image','Lorem ipsum dolor sit amet, consectetur adipisicing elit, sed do eiusmod tempor incididunt ut labore et dolore magna aliqua. Ut enim ad minim veniam, quis nostrud exercitation ullamco laboris nisi ut aliquip ex ea commodo consequat. Duis aute irure dolor in reprehenderit in voluptate velit esse cillum dolore eu fugiat nulla pariatur. Excepteur sint occaecat cupidatat non proident, sunt in culpa qui officia deserunt mollit anim id est laborum. ','4582 Sunset blvd los angeles',34.098160,-118.289246,0.000,'999 999 9999',NULL,NULL,'2016-02-17 19:48:18','2016-02-17 14:48:18',NULL,NULL,50,1,NULL,NULL,0,'2016-02-19 12:00:00',NULL,NULL,'Corvette',2010,'Chevy'),(98,1,26,4249,'can\'t use these','can-t-use-these','Lorem ipsum dolor sit amet, consectetur adipisicing elit, sed do eiusmod tempor incididunt ut labore et dolore magna aliqua. Ut enim ad minim veniam, quis nostrud exercitation ullamco laboris nisi ut aliquip ex ea commodo consequat. Duis aute irure.','9123 Sunset Blvd Los Angeles Ca',34.090752,-118.390587,0.000,'666 666 6666',NULL,NULL,'2016-02-17 19:50:21','2016-02-17 14:50:21',NULL,'2016-02-17 14:53:34',50,1,NULL,NULL,0,'0000-00-00 00:00:00',NULL,NULL,'Cayenne',2010,'Porsche'),(99,1,26,4249,'Mike\'s Auto','mike-s-auto','Lorem ipsum dolor sit amet, consectetur adipisicing elit, sed do eiusmod tempor incididunt ut labore et dolore magna aliqua. Ut enim ad minim veniam, quis nostrud ','4572 Sunset Blvd Los Angeles',34.098160,-118.289062,0.000,'111 111 1111',NULL,NULL,'2016-02-17 19:55:59','2016-02-17 14:55:59',NULL,NULL,50,1,NULL,NULL,0,'2016-02-17 03:05:00',NULL,NULL,'Cayenne',2010,'Porsche'),(100,1,26,4249,'mike\'s Auto','mike-s-auto-1','Lorem ipsum dolor sit amet, consectetur adipisicing elit, sed do eiusmod tempor ','6642 Sunset Blvd Los Angeles',34.097645,-118.334732,0.000,'3106898853',NULL,NULL,'2016-02-17 19:57:41','2016-02-17 14:57:41',NULL,NULL,50,1,NULL,NULL,0,'2016-02-17 05:00:00',NULL,NULL,'Outback',1999,'Subaru'),(101,1,26,4249,'Mikes Auto Body','mikes-auto-body','Lorem ipsum dolor sit amet, consectetur adipisicing elit, sed do eiusmod tempor incididunt ut labore et dolore magna aliqua. Ut enim ad minim veniam, quis nostrud ','444 Bonnie Brae Los Angeles',34.059933,-118.271439,0.000,'213 445 6789',NULL,NULL,'2016-02-17 20:00:36','2016-02-17 15:00:36',NULL,NULL,50,1,NULL,NULL,0,'2016-02-17 05:00:00',NULL,NULL,'Lunar Lander',3002,'Space X'),(102,1,26,4249,'Mike\'s Auto','mike-s-auto-2','Lorem ipsum dolor sit amet, consectetur adipisicing elit, sed do eiusmod tempor incididunt ut labore et dolore magna aliqua. Ut enim ad minim veniam, quis nostrud exercitation ullamco laboris nisi ut aliquip ex ea commodo consequat. Duis aute irure ','8882 Beverly Blvd',34.077145,-118.385567,0.000,'999 999 9999',NULL,NULL,'2016-02-17 20:03:22','2016-02-17 15:03:22',NULL,NULL,50,1,NULL,NULL,0,'2016-02-18 12:00:00',NULL,NULL,'FOCUS',1999,'FORD'),(103,1,26,4249,'Jesse\'s Auto Body','jesse-s-auto-body-3','Lorem ipsum dolor sit amet, consectetur adipisicing elit, sed do eiusmod tempor incididunt ut labore et dolore magna aliqua. Ut enim ad minim veniam, quis nostrud exercitation ullamco laboris nisi ut aliquip ex ea commodo consequat. Duis aute irure ','2333 Sunset Blvd Los Angeles',34.078663,-118.267242,0.000,'3106898853',NULL,NULL,'2016-02-17 20:05:39','2016-02-17 15:05:39',NULL,NULL,50,1,NULL,NULL,0,'2016-02-17 10:00:00',NULL,NULL,'Space Lander',2010,'Tesla'),(106,1,26,4249,'title test','title-test','Vaib-R (Moon B) - One Per-Customer 1. About Freedom 2. Winds 3. Intl 4. About F... Nous US 002 £8.33 (£10.00 inc vat)','2345 sunset blvd los angeles ca',34.078701,-118.267319,0.000,'3340050503',NULL,NULL,'2016-02-18 04:40:18','2016-02-17 23:40:18',NULL,NULL,50,0,NULL,NULL,0,'2016-02-17 23:42:00',NULL,NULL,'accord',1994,'honda'),(107,1,26,4249,'ad with image','ad-with-image','THE MYTH The ARP 2600 is an unique semi-modular analog synthesizer produced by ARP Instruments during the ’70s. Though only around 3000 units were produced from 1971 to 1980, this marvelous machine has been used by hundreds of sound pioneers in a wide variety of albums and movie sound effects. Popular ARP 2600 users include Orbital, Underworld, 808 State, Hardfloor, Chemical Brothers, Nine Inch Nails, Vince Clarke, Depeche Mode.','9990 sunset blvd los angeles',34.077595,-118.421898,0.000,'999 999 9999',NULL,NULL,'2016-02-18 04:44:12','2016-02-17 23:44:12',NULL,NULL,50,1,NULL,NULL,0,'2016-02-17 23:56:00',NULL,NULL,'Focus',1998,'Ford'),(111,1,26,4249,'testing 218','testing-218','The black hole, said to be 21 billion times the mass of the sun, is located in the Coma Cluster about 300 million light-years away from Earth and measures 130 billion kilometers in diameter.','3311 Sunset Blvd Los Angeles',34.086292,-118.275230,0.000,'678 773 4466',NULL,NULL,'2016-02-18 21:09:12','2016-02-18 16:09:12',NULL,NULL,50,0,NULL,NULL,0,'2016-02-18 17:00:00',NULL,NULL,'Odyssey',1998,'Honda'),(112,1,26,4249,'testing with new ad layout and no img','testing-with-new-ad-layout-and-no-img','Shell Integration is a modification to your shell\'s login script that informs iTerm2 of which commands you\'re running, which host you\'re logged in to, what your user name is, and what your current directory is. This enables all kinds of cool features, such as easily navigating to preceding shell prompts, getting a notification when a long-running job finishes, drag-dropping files to upload and download on remote hosts, and much more. All the details are at the Shell Integration document.','10900 Coventry Pl',34.032471,-118.423645,0.000,'3106898853',NULL,NULL,'2016-02-18 23:50:17','2016-02-18 18:50:17',NULL,NULL,50,0,NULL,NULL,0,'2016-02-20 00:00:00',NULL,NULL,'cayenne',2010,'porsche'),(113,1,26,4249,'testing again','testing-again','test test test ','10984 Coventry Pl',NULL,NULL,0.000,'3106898853',NULL,NULL,'2016-02-18 23:53:22','2016-02-18 18:53:22',NULL,NULL,1,0,NULL,NULL,0,'2016-02-25 00:00:00',NULL,NULL,'asdf',122,'askd'),(114,1,26,4249,'This is not the same','this-is-not-the-same','qqqqqqqq','10965 National Blvd, Los Angeles, CA 90064, USA',34.029011,-118.424751,0.000,'230 330 4466',NULL,NULL,'2016-02-19 14:30:59','2016-02-19 09:30:59',NULL,NULL,50,0,NULL,NULL,0,'2016-02-23 00:00:00',NULL,NULL,'Focus',1994,'Ford '),(115,1,26,4249,'this is not how it should look ','this-is-not-how-it-should-look','qqqqqqq','10965 National Blvd, Los Angeles, CA 90064, USA',34.028999,-118.424721,0.000,'2303402030',NULL,NULL,'2016-02-19 14:36:53','2016-02-19 09:36:53',NULL,NULL,50,1,NULL,NULL,0,'2016-02-24 07:00:00',NULL,NULL,'Prius',2001,'toyota'),(116,1,26,4249,'perfect1','perfect1','Just like the artwork on the cd\'s themselves, they are always evolving into something special. I was listening to Levante whilst flying over Spain & I could not think of anything that summed up not only a most brilliant weekend but how the pure open space below echoed the track in every way, sun glimmering off rooftops & metal objects as the sounds move around my head. Nothing if not a \'euphoric\' experience. Mal Pas is one of emotion & strong memories, I must have heard this EP at least 20 times already! Never tire of the sounds that Pub has, all his own & yet distinctively nostalgic in tone. The last two tracks are again just amazing & may this series continue for as long as he can make them. Everyone should own this EP in my opinion. Moving, uplifting work. Keep Making Trakcxs Pub..It\'s working.','10965 Venice Blvd, Los Angeles, CA 90064, USA',34.014950,-118.413857,0.000,'333 222 1111',NULL,NULL,'2016-02-19 15:14:18','2016-02-19 10:14:18',NULL,NULL,1,1,NULL,NULL,0,'2016-03-23 00:00:00',NULL,NULL,'F150',1987,'Ford'),(117,1,26,4249,'perfect2','perfect2','Just like the artwork on the cd\'s themselves, they are always evolving into something special. I was listening to Levante whilst flying over Spain & I could not think of anything that summed up not only a most brilliant weekend but how the pure open space below echoed the track in every way, sun glimmering off rooftops & metal objects as the sounds move around my head. Nothing if not a \'euphoric\' experience. Mal Pas is one of emotion & strong memories, I must have heard this EP at least 20 times already! Never tire of the sounds that Pub has, all his own & yet distinctively nostalgic in tone. The last two tracks are again just amazing & may this series continue for as long as he can make them. Everyone should own this EP in my opinion. Moving, uplifting work. Keep Making Trakcxs Pub..It\'s working.','11984 Venice Blvd ',34.006275,-118.428604,0.000,'3106898853',NULL,NULL,'2016-02-19 15:15:09','2016-02-19 10:15:09',NULL,NULL,50,0,NULL,NULL,0,'2016-02-20 00:00:00',NULL,NULL,'Corvette',1986,'Chevy'),(118,6,26,4249,'mikes auto','mikes-auto-6','Sway bar','',NULL,NULL,0.000,'',NULL,NULL,'2016-02-20 00:49:37','2016-02-19 19:49:37',NULL,NULL,50,0,NULL,NULL,0,'2016-02-19 05:00:00',NULL,NULL,'camaro',1973,'chevy'),(119,1,26,4249,'Jesse','jesse','Rrrrrrrrrrrrrrrrwwwwwwwwwwwwwwwqddddddddddddddghhgg','San Diego Fwy, Los Angeles, CA 90066, USA',34.025532,-118.429024,0.000,'21222567784',NULL,NULL,'2016-02-20 06:25:03','2016-02-20 01:25:03',NULL,NULL,50,0,NULL,NULL,0,'2016-02-20 09:00:00',NULL,NULL,'Ffgggg',1998,'Testing'),(120,1,26,4249,'Title23457','title23457','Description 233568005443','San Diego Fwy, Los Angeles, CA 90066, USA',34.025528,-118.429024,0.000,'3107789445',NULL,NULL,'2016-02-20 11:56:02','2016-02-20 06:56:02',NULL,NULL,50,0,NULL,NULL,0,'2016-02-20 13:00:00',NULL,NULL,'Qwerty',2345,'Tyuiop'),(121,9,26,4249,'mikes auto','mikes-auto-7','Evolve body kit','518 Concha St, Altadena, CA 91001, USA',34.199589,-118.133713,0.000,'',NULL,NULL,'2016-02-20 17:06:13','2016-02-20 12:06:13',NULL,NULL,50,1,NULL,NULL,0,'2016-02-23 08:00:00',NULL,NULL,'s60',2001,'volvo');
/*!40000 ALTER TABLE `oc_ads` ENABLE KEYS */;
UNLOCK TABLES;

--
-- Table structure for table `oc_categories`
--

DROP TABLE IF EXISTS `oc_categories`;
/*!40101 SET @saved_cs_client     = @@character_set_client */;
/*!40101 SET character_set_client = utf8 */;
CREATE TABLE `oc_categories` (
  `id_category` int(10) unsigned NOT NULL AUTO_INCREMENT,
  `name` varchar(145) NOT NULL,
  `order` int(2) unsigned NOT NULL DEFAULT '0',
  `created` timestamp NOT NULL DEFAULT CURRENT_TIMESTAMP ON UPDATE CURRENT_TIMESTAMP,
  `id_category_parent` int(10) unsigned NOT NULL DEFAULT '0',
  `parent_deep` int(2) unsigned NOT NULL DEFAULT '0',
  `seoname` varchar(145) NOT NULL,
  `description` text,
  `price` decimal(10,2) NOT NULL DEFAULT '0.00',
  `last_modified` datetime DEFAULT NULL,
  `has_image` tinyint(1) NOT NULL DEFAULT '0',
  PRIMARY KEY (`id_category`) USING BTREE,
  UNIQUE KEY `oc_categories_IK_seo_name` (`seoname`)
) ENGINE=InnoDB AUTO_INCREMENT=28 DEFAULT CHARSET=utf8;
/*!40101 SET character_set_client = @saved_cs_client */;

--
-- Dumping data for table `oc_categories`
--

LOCK TABLES `oc_categories` WRITE;
/*!40000 ALTER TABLE `oc_categories` DISABLE KEYS */;
INSERT INTO `oc_categories` (`id_category`, `name`, `order`, `created`, `id_category_parent`, `parent_deep`, `seoname`, `description`, `price`, `last_modified`, `has_image`) VALUES (1,'Home category',0,'2015-11-30 20:53:50',0,0,'all','root category',0.00,NULL,0),(26,'Wanted',1,'2016-02-16 12:51:19',1,0,'wanted-ads','<p><span style=\"font-size: 18px;\">Don\'t want to wait for a buyer to contact you? Here you can see a full list of all parts in need.</span></p><p><span style=\"letter-spacing: 0.1px; line-height: 26.6644px;\">Use the sorting tool to help find your desired results faster -- categorizable by distance, name(A-Z), price, favorites, featured ads, and date.</span></p><p><span style=\"letter-spacing: 0.1px; line-height: 26.6644px;\">Click on the globe to expand the Parts Map and see all the nearest buyers near you!</span><span style=\"letter-spacing: 0.1px; line-height: 26.6644px;\"><br></span><br></p>',0.00,'2016-02-16 04:51:19',1),(27,'Parting Out',2,'2016-02-17 23:36:10',1,0,'selling','<p><br></p>',0.00,NULL,0);
/*!40000 ALTER TABLE `oc_categories` ENABLE KEYS */;
UNLOCK TABLES;

--
-- Table structure for table `oc_config`
--

DROP TABLE IF EXISTS `oc_config`;
/*!40101 SET @saved_cs_client     = @@character_set_client */;
/*!40101 SET character_set_client = utf8 */;
CREATE TABLE `oc_config` (
  `group_name` varchar(128) NOT NULL,
  `config_key` varchar(128) NOT NULL,
  `config_value` longtext,
  PRIMARY KEY (`config_key`),
  UNIQUE KEY `oc_config_UK_group_name_AND_config_key` (`group_name`,`config_key`)
) ENGINE=MyISAM DEFAULT CHARSET=utf8;
/*!40101 SET character_set_client = @saved_cs_client */;

--
-- Dumping data for table `oc_config`
--

LOCK TABLES `oc_config` WRITE;
/*!40000 ALTER TABLE `oc_config` DISABLE KEYS */;
INSERT INTO `oc_config` (`group_name`, `config_key`, `config_value`) VALUES ('appearance','theme','30sa_dev'),('appearance','theme_mobile',''),('appearance','allow_query_theme','0'),('appearance','custom_css','0'),('appearance','custom_css_version','27'),('appearance','map_active','0'),('appearance','map_jscode','<script type=\'text/javascript\' src=\'//www.google.com/jsapi\'></script>\r\n<script type=\'text/javascript\'>google.load(\'visualization\', \'1\', {\'packages\': [\'geochart\']});\r\ngoogle.setOnLoadCallback(drawVisualization);\r\n\r\n  function drawVisualization() {var data = new google.visualization.DataTable();\r\n\r\n data.addColumn(\'string\', \'Country\');\r\n data.addColumn(\'number\', \'Value\'); \r\n data.addColumn({type:\'string\', role:\'tooltip\'});var ivalue = new Array();\r\n\r\n var options = {\r\n backgroundColor: {fill:\'#44A6FC\',stroke:\'#000000\' ,strokeWidth:30 },\r\n colorAxis:  {minValue: 0, maxValue: 0,  colors: []},\r\n legend: \'none\',	\r\n backgroundColor: {fill:\'#44A6FC\',stroke:\'#000000\' ,strokeWidth:30 },	\r\n datalessRegionColor: \'#F1EEF5\',\r\n displayMode: \'markers\', \r\n enableRegionInteractivity: \'true\', \r\n resolution: \'cou  ntries\',\r\n sizeAxis: {minValue: 1, maxValue:1,minSize:10,  maxSize: 10},\r\n region:\'021\',\r\n keepAspectRatio: true,\r\n width:710,\r\n height:250,\r\n tooltip: {textStyle: {color: \'#2E85DB\'}, trigger:\'focus\'}	\r\n };\r\n  var chart = new google.visualization.GeoChart(document.getElementById(\'visualization\')); \r\n  google.visualization.events.addListener(chart, \'select\', function() {\r\n  var selection = chart.getSelection();\r\n  if (selection.length == 1) {\r\n  var selectedRow = selection[0].row;\r\n  var selectedRegion = data.getValue(selectedRow, 0);\r\n  if(ivalue[selectedRegion] != \'\') { document.location = ivalue[selectedRegion];  }\r\n  }\r\n  });\r\n chart.draw(data, options);\r\n }\r\n </script>\r\n <div id=\'visualization\'></div>'),('appearance','map_settings','{\"bgcolor\":\"#44A6FC\",\"stroke\":\"30\",\"bordercolor\":\"#000000\",\"incolor\":\"#F1EEF5\",\"width\":\"710\",\"height\":\"250\",\"aspratio\":\"true\",\"tooltipcolor\":\"#2E85DB\",\"tooltip\":\"focus\",\"interact\":\"true\",\"areacombo\":\"021,cou  ntries\",\"markersize\":\"10\",\"displaymode\":\"markers\",\"mapaction\":\"i_map_action_open_url\",\"customaction\":\"\",\"placestxt\":\"\"}'),('i18n','charset','utf-8'),('i18n','timezone','America/Los_Angeles'),('i18n','locale','en_US'),('i18n','allow_query_language','0'),('payment','paypal_currency','USD'),('payment','sandbox','0'),('payment','to_featured','0'),('payment','to_top','0'),('payment','pay_to_go_on_feature','1'),('payment','featured_plans','{\"5\":\"10\"}'),('payment','pay_to_go_on_top','5'),('payment','paypal_account',''),('payment','paypal_seller','0'),('payment','stock','0'),('payment','paymill_private',''),('payment','paymill_public',''),('payment','stripe_private',''),('payment','stripe_public',''),('payment','stripe_address','0'),('payment','alternative',''),('payment','bitpay_apikey',''),('payment','authorize_sandbox','0'),('payment','authorize_login',''),('payment','authorize_key',''),('payment','twocheckout_sid',''),('payment','twocheckout_secretword',''),('payment','twocheckout_sandbox','0'),('payment','fraudlabspro',''),('general','api_key','eh8echc4brxnsn986y7teqh*pn5arf%8'),('general','number_format','USD'),('general','date_format','m-d-y'),('general','measurement','imperial'),('general','base_url','http://30sa-dev.com/'),('general','moderation','0'),('general','maintenance','0'),('general','analytics',''),('general','translate',''),('general','site_name','30 Second Auto Parts'),('general','site_description','Posting an ad for auto parts has never been this easy.'),('general','subscribe','1'),('general','akismet_key',''),('general','alert_terms',''),('general','contact_page','contact-us'),('general','search_by_description','1'),('general','blog','0'),('general','blog_disqus',''),('general','minify','0'),('general','faq','0'),('general','faq_disqus',''),('general','forums','0'),('general','messaging','1'),('general','black_list','0'),('general','ocacu','1456187639'),('general','landing_page','{\"controller\":\"home\",\"action\":\"index\"}'),('general','disallowbots','1'),('general','html_head',''),('general','html_footer',''),('general','recaptcha_active','0'),('general','recaptcha_secretkey',''),('general','recaptcha_sitekey',''),('general','cookie_consent','0'),('general','auto_locate','1'),('general','search_multi_catloc','1'),('general','gcm_apikey',''),('image','allowed_formats','jpeg,jpg,png,gif,'),('image','max_image_size','5'),('image','height',''),('image','width','1200'),('image','height_thumb','200'),('image','width_thumb','175'),('image','quality','100'),('image','watermark','0'),('image','watermark_path',''),('image','watermark_position','0'),('image','aws_s3_active','0'),('image','aws_access_key','AKIAJRD7TIBD3ZLW7ADA'),('image','aws_secret_key','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'),('image','aws_s3_bucket','30sa-dev.com'),('image','aws_s3_domain','30sa-dev.com.s3.amazonaws.com/'),('image','disallow_nudes','1'),('advertisement','num_images','2'),('advertisement','expire_date','8'),('advertisement','address','1'),('advertisement','phone','1'),('advertisement','upload_file','0'),('advertisement','location','1'),('advertisement','description_bbcode','1'),('advertisement','captcha','0'),('advertisement','website','0'),('advertisement','price','0'),('advertisement','contact','1'),('advertisement','tos',''),('advertisement','thanks_page',''),('advertisement','disqus',''),('advertisement','fbcomments',''),('advertisement','map','1'),('advertisement','map_zoom','10'),('advertisement','center_lon',''),('advertisement','center_lat',''),('advertisement','ads_in_home','3'),('advertisement','banned_words_replacement','xxx'),('advertisement','banned_words',''),('advertisement','fields','{\"year\":{\"type\":\"integer\",\"label\":\"Year\",\"tooltip\":\"Year\",\"values\":null,\"categories\":null,\"required\":true,\"searchable\":true,\"admin_privilege\":false,\"show_listing\":true},\"make\":{\"type\":\"string\",\"label\":\"Make\",\"tooltip\":\"the make of your car.\",\"values\":null,\"categories\":null,\"required\":true,\"searchable\":true,\"admin_privilege\":false,\"show_listing\":true},\"model\":{\"type\":\"string\",\"label\":\"Model\",\"tooltip\":\"Model\",\"values\":null,\"categories\":null,\"required\":true,\"searchable\":true,\"admin_privilege\":false,\"show_listing\":true},\"dateneededby\":{\"type\":\"date\",\"label\":\"Date Needed By\",\"tooltip\":null,\"values\":null,\"categories\":[\"26\"],\"required\":true,\"searchable\":true,\"admin_privilege\":false,\"show_listing\":true},\"year-range\":{\"type\":\"select\",\"label\":\"From The Year\",\"tooltip\":\"From The Year\",\"values\":[\"1941\",\"1942\",\"1943\",\"1944\",\"1946\",\"1945\",\"1947\",\"1948\",\"1949\",\"1950\",\"1951\",\"1952\",\"1953\",\"1954\",\"1955\",\"1956\",\"1957\",\"1958\",\"1959\",\"1960\",\"1961\",\"1962\",\"1963\",\"1964\",\"1965\",\"1966\",\"1967\",\"1968\",\"1969\",\"1970\",\"1971\",\"1972\",\"1973\",\"1974\",\"1975\",\"1976\",\"1977\",\"1978\",\"1979\",\"1980\",\"1981\",\"1982\",\"1983\",\"1984\",\"1985\",\"1986\",\"1987\",\"1988\",\"1989\",\"1990\",\"1991\",\"1992\",\"1993\",\"1994\",\"1995\",\"1996\",\"1997\",\"1998\",\"1999\",\"2000\",\"2001\",\"2002\",\"2003\",\"2004\",\"2005\",\"2006\",\"2007\",\"2008\",\"2009\",\"2010\",\"2011\",\"2012\",\"2013\",\"2014\",\"2015\",\"2016\",\"2017\"],\"categories\":null,\"required\":false,\"searchable\":true,\"admin_privilege\":true,\"show_listing\":false},\"year-range-2\":{\"type\":\"select\",\"label\":\"Till The Year\",\"tooltip\":\"Till The Year\",\"values\":[\"1941\",\"1942\",\"1943\",\"1944\",\"1946\",\"1945\",\"1947\",\"1948\",\"1949\",\"1950\",\"1951\",\"1952\",\"1953\",\"1954\",\"1955\",\"1956\",\"1957\",\"1958\",\"1959\",\"1960\",\"1961\",\"1962\",\"1963\",\"1964\",\"1965\",\"1966\",\"1967\",\"1968\",\"1969\",\"1970\",\"1971\",\"1972\",\"1973\",\"1974\",\"1975\",\"1976\",\"1977\",\"1978\",\"1979\",\"1980\",\"1981\",\"1982\",\"1983\",\"1984\",\"1985\",\"1986\",\"1987\",\"1988\",\"1989\",\"1990\",\"1991\",\"1992\",\"1993\",\"1994\",\"1995\",\"1996\",\"1997\",\"1998\",\"1999\",\"2000\",\"2001\",\"2002\",\"2003\",\"2004\",\"2005\",\"2006\",\"2007\",\"2008\",\"2009\",\"2010\",\"2011\",\"2012\",\"2013\",\"2014\",\"2015\",\"2016\",\"2017\"],\"categories\":null,\"required\":false,\"searchable\":true,\"admin_privilege\":true,\"show_listing\":false}}'),('advertisement','parent_category','1'),('advertisement','related','2'),('advertisement','map_pub_new','1'),('advertisement','qr_code','0'),('advertisement','login_to_post','0'),('advertisement','reviews','0'),('advertisement','reviews_paid','0'),('advertisement','advertisements_per_page','10'),('advertisement','feed_elements','20'),('advertisement','map_elements','500'),('advertisement','sort_by','published-desc'),('advertisement','count_visits','0'),('advertisement','login_to_contact','1'),('advertisement','only_admin_post','0'),('advertisement','sharing','0'),('advertisement','logbee','0'),('advertisement','leave_alert','0'),('email','notify_email','drrrreams@gmail.com'),('email','smtp_active','0'),('email','new_ad_notify','0'),('email','smtp_host',''),('email','smtp_port',''),('email','smtp_auth','0'),('email','smtp_ssl','0'),('email','smtp_user',''),('email','smtp_pass',''),('email','elastic_active','1'),('email','elastic_username','8bb537a3-f9e8-4e26-81d8-9265867b1aff'),('email','elastic_password','8bb537a3-f9e8-4e26-81d8-9265867b1aff'),('user','user_fields','{\"business-type\":{\"type\":\"select\",\"label\":\"business type (junkyard, private seller etc.)\",\"tooltip\":\"You can specify whether you are a business, or a private seller.\",\"values\":[\"Business\",\"Private Seller\"],\"required\":false,\"searchable\":true,\"show_profile\":false,\"show_register\":true,\"admin_privilege\":false}}'),('social','config','{\"debug_mode\":\"0\",\"providers\":{\"OpenID\":{\"enabled\":\"0\"},\"Yahoo\":{\"enabled\":\"0\",\"keys\":{\"id\":\"\",\"secret\":\"\"}},\n\"AOL\":{\"enabled\":\"0\"},\"Google\":{\"enabled\":\"0\",\"keys\":{\"id\":\"\",\"secret\":\"\"}},\"Facebook\":{\"enabled\":\"0\",\"keys\":{\"id\":\"\",\"secret\":\"\"}},\n\"Twitter\":{\"enabled\":\"0\",\"keys\":{\"key\":\"\",\"secret\":\"\"}},\"Live\":{\"enabled\":\"0\",\"keys\":{\"id\":\"\",\"secret\":\"\"}},\"MySpace\":{\"enabled\":\"0\",\"keys\":{\"key\":\"\",\"secret\":\"\"}},\n\"LinkedIn\":{\"enabled\":\"0\",\"keys\":{\"key\":\"\",\"secret\":\"\"}},\"Foursquare\":{\"enabled\":\"0\",\"keys\":{\"id\":\"\",\"secret\":\"\"}}},\"base_url\":\"\",\"debug_file\":\"\"}'),('theme','default','{\"theme\":\"default\",\"admin_theme\":\"bootstrap\",\"category_badge\":\"1\",\"hide_description_icon\":\"0\"}'),('widget','Widget_Search_1448936354','{\"class\":\"Widget_Search\",\"created\":1452489787,\"placeholder\":\"inactive\",\"data\":{\"text_title\":\"Parts Search\",\"advanced\":\"1\",\"custom\":\"1\"}}'),('widget','Widget_Contact_1448940845','{\"class\":\"Widget_Contact\",\"created\":1455601975,\"placeholder\":\"inactive\",\"data\":{\"text_title\":\"Contact\"}}'),('widget','Widget_Categories_1449195888','{\"class\":\"Widget_Categories\",\"created\":1450752596,\"placeholder\":\"inactive\",\"data\":{\"categories_title\":\"Choose A Category\"}}'),('widget','Widget_Subscribers_1449196315','{\"class\":\"Widget_Subscribers\",\"created\":1453807736,\"placeholder\":\"footer\",\"data\":{\"categories\":\"1\",\"locations\":\"1\",\"price\":\"0\",\"subscribe_title\":\"Get Alerts\",\"min_price\":\"0\",\"max_price\":\"10000\",\"step\":\"100\"}}'),('advertisement','description','1'),('general','social_auth','1'),('advertisement','map_style','[{\"featureType\":\"water\",\"elementType\":\"geometry\",\"stylers\":[{\"visibility\":\"on\"},{\"color\":\"#aee2e0\"}]},{\"featureType\":\"landscape\",\"elementType\":\"geometry.fill\",\"stylers\":[{\"color\":\"#abce83\"}]},{\"featureType\":\"poi\",\"elementType\":\"geometry.fill\",\"stylers\":[{\"color\":\"#769E72\"}]},{\"featureType\":\"poi\",\"elementType\":\"labels.text.fill\",\"stylers\":[{\"color\":\"#7B8758\"}]},{\"featureType\":\"poi\",\"elementType\":\"labels.text.stroke\",\"stylers\":[{\"color\":\"#EBF4A4\"}]},{\"featureType\":\"poi.park\",\"elementType\":\"geometry\",\"stylers\":[{\"visibility\":\"simplified\"},{\"color\":\"#8dab68\"}]},{\"featureType\":\"road\",\"elementType\":\"geometry.fill\",\"stylers\":[{\"visibility\":\"simplified\"}]},{\"featureType\":\"road\",\"elementType\":\"labels.text.fill\",\"stylers\":[{\"color\":\"#5B5B3F\"}]},{\"featureType\":\"road\",\"elementType\":\"labels.text.stroke\",\"stylers\":[{\"color\":\"#ABCE83\"}]},{\"featureType\":\"road\",\"elementType\":\"labels.icon\",\"stylers\":[{\"visibility\":\"off\"}]},{\"featureType\":\"road.local\",\"elementType\":\"geometry\",\"stylers\":[{\"color\":\"#A4C67D\"}]},{\"featureType\":\"road.arterial\",\"elementType\":\"geometry\",\"stylers\":[{\"color\":\"#9BBF72\"}]},{\"featureType\":\"road.highway\",\"elementType\":\"geometry\",\"stylers\":[{\"color\":\"#EBF4A4\"}]},{\"featureType\":\"transit\",\"stylers\":[{\"visibility\":\"off\"}]},{\"featureType\":\"administrative\",\"elementType\":\"geometry.stroke\",\"stylers\":[{\"visibility\":\"on\"},{\"color\":\"#87ae79\"}]},{\"featureType\":\"administrative\",\"elementType\":\"geometry.fill\",\"stylers\":[{\"color\":\"#7f2200\"},{\"visibility\":\"off\"}]},{\"featureType\":\"administrative\",\"elementType\":\"labels.text.stroke\",\"stylers\":[{\"color\":\"#ffffff\"},{\"visibility\":\"on\"},{\"weight\":4.1}]},{\"featureType\":\"administrative\",\"elementType\":\"labels.text.fill\",\"stylers\":[{\"color\":\"#495421\"}]},{\"featureType\":\"administrative.neighborhood\",\"elementType\":\"labels\",\"stylers\":[{\"visibility\":\"off\"}]}]'),('general','adblock','0'),('payment','stripe_alipay','0'),('advertisement','auto_locate_distance','100'),('widget','Widget_Map_1449315587','{\"class\":\"Widget_Map\",\"created\":1452488810,\"placeholder\":\"footer\",\"data\":{\"map_title\":\"Parts Map\",\"map_height\":\"400\",\"map_zoom\":\"10\"}}'),('theme','kamaleon','{\"premium\":\"1\",\"theme\":\"paper\",\"admin_theme\":\"bootstrap\",\"fixed_toolbar\":\"1\",\"breadcrumb\":\"0\",\"logo_url\":null,\"favicon_url\":null,\"short_description\":\"What are you looking for?\",\"num_home_latest_ads\":\"8\",\"sidebar_position\":\"right\",\"listing_slider\":\"0\",\"listgrid\":\"1\",\"minimal_list\":\"1\",\"infinite_scroll\":\"1\",\"category_badge\":\"0\",\"hide_description_icon\":\"0\",\"footer_pages\":\"1\",\"header_ad\":\"<link href=\'https:\\/\\/fonts.googleapis.com\\/css?family=Hammersmith+One|Catamaran:400,900,800|Poppins\' rel=\'stylesheet\' type=\'text\\/css\'>\",\"footer_ad\":\"\",\"listing_ad\":\"\",\"homepage_html\":\"<link href=\'https:\\/\\/fonts.googleapis.com\\/css?family=Hammersmith+One|Catamaran:400,900,800|Poppins\' rel=\'stylesheet\' type=\'text\\/css\'>\",\"rtl\":\"0\",\"cdn_files\":\"0\",\"license\":\"20151204-2915-LWROJX0KAYVLJMWHTKO4SMSR93\",\"license_date\":1453172768}'),('widget','Widget_Interactivemap_1449800226','{\"class\":\"Widget_Interactivemap\",\"created\":1450670560,\"placeholder\":\"inactive\",\"data\":{\"text_title\":\"\"}}'),('placeholder','sidebar','[\"\"]'),('placeholder','header','[\"\"]'),('placeholder','footer','[\"Widget_Subscribers_1449196315\",\"Widget_Map_1449315587\"]'),('widget','Widget_Ads_1450670926','{\"class\":\"Widget_Ads\",\"created\":1452144714,\"placeholder\":\"inactive\",\"data\":{\"ads_type\":\"latest\",\"ads_limit\":\"4\",\"ads_title\":\"Latest Ads\"}}'),('general','menu','{\"5\":{\"title\":\"Home\",\"url\":\"http:\\/\\/30sa-dev.com\\/\",\"target\":\"_self\",\"icon\":\"fa fa-home\"},\"1\":{\"title\":\"Parts Map\",\"url\":\"http:\\/\\/30sa-dev.com\\/map.html\",\"target\":\"_self\",\"icon\":\"fa fa-map-marker\"},\"3\":{\"title\":\"Wanted Ads\",\"url\":\"http:\\/\\/30sa-dev.com\\/wanted-ads\",\"target\":\"_self\",\"icon\":\"fa fa-flag\"},\"0\":{\"title\":\"Contact \",\"url\":\"http:\\/\\/30sa-dev.com\\/contact.html\",\"target\":\"_self\",\"icon\":\"fa fa-phone\"},\"6\":{\"title\":\"Parts Search\",\"url\":\"http:\\/\\/30sa-dev.com\\/search.html\",\"target\":\"_self\",\"icon\":\"glyphicon glyphicon-search\"}}'),('placeholder','publish_new','[\"\"]'),('placeholder','inactive','[\"Widget_Contact_1448940845\",\"Widget_Categories_1449195888\",\"Widget_Interactivemap_1449800226\",\"Widget_Ads_1450670926\",\"Widget_Search_1448936354\"]'),('theme','30sa_dev','{\"premium\":\"1\",\"theme\":\"paper\",\"admin_theme\":\"bootstrap\",\"fixed_toolbar\":\"1\",\"breadcrumb\":\"0\",\"logo_url\":null,\"favicon_url\":null,\"short_description\":\"What are you looking for?\",\"num_home_latest_ads\":\"8\",\"sidebar_position\":\"right\",\"listing_slider\":\"0\",\"listgrid\":\"1\",\"minimal_list\":\"0\",\"infinite_scroll\":\"0\",\"category_badge\":\"1\",\"hide_description_icon\":\"1\",\"footer_pages\":\"1\",\"header_ad\":\"<link href=\'https:\\/\\/fonts.googleapis.com\\/css?family=Hammersmith+One|Catamaran:400,900,800|Poppins\' rel=\'stylesheet\' type=\'text\\/css\'>\",\"footer_ad\":\"\",\"listing_ad\":\"\",\"homepage_html\":\"\",\"rtl\":\"0\",\"cdn_files\":\"0\",\"license\":\"20151204-2915-LWROJX0KAYVLJMWHTKO4SMSR93\",\"license_date\":1456792437}');
/*!40000 ALTER TABLE `oc_config` ENABLE KEYS */;
UNLOCK TABLES;

--
-- Table structure for table `oc_content`
--

DROP TABLE IF EXISTS `oc_content`;
/*!40101 SET @saved_cs_client     = @@character_set_client */;
/*!40101 SET character_set_client = utf8 */;
CREATE TABLE `oc_content` (
  `id_content` int(10) unsigned NOT NULL AUTO_INCREMENT,
  `locale` varchar(8) NOT NULL DEFAULT 'en_UK',
  `order` int(2) unsigned NOT NULL DEFAULT '0',
  `title` varchar(145) NOT NULL,
  `seotitle` varchar(145) NOT NULL,
  `description` longtext,
  `from_email` varchar(145) DEFAULT NULL,
  `created` timestamp NOT NULL DEFAULT CURRENT_TIMESTAMP ON UPDATE CURRENT_TIMESTAMP,
  `type` enum('page','email','help') NOT NULL,
  `status` tinyint(1) NOT NULL DEFAULT '0',
  PRIMARY KEY (`id_content`)
) ENGINE=MyISAM AUTO_INCREMENT=183 DEFAULT CHARSET=utf8;
/*!40101 SET character_set_client = @saved_cs_client */;

--
-- Dumping data for table `oc_content`
--

LOCK TABLES `oc_content` WRITE;
/*!40000 ALTER TABLE `oc_content` DISABLE KEYS */;
INSERT INTO `oc_content` (`id_content`, `locale`, `order`, `title`, `seotitle`, `description`, `from_email`, `created`, `type`, `status`) VALUES (1,'en_UK',0,'Change Password [SITE.NAME]','auth-remember','Hello [USER.NAME],\n\nFollow this link  [URL.QL]\n\nThanks!!','drrrreams@gmail.com','2015-11-30 20:53:50','email',1),(2,'en_UK',0,'Welcome to [SITE.NAME]!','auth-register','Welcome [USER.NAME],\n\nWe are really happy that you have joined us! [URL.QL]\n\nRemember your user details:\nEmail: [USER.EMAIL]\nPassword: [USER.PWD]\n\nWe do not have your original password anymore.\n\nRegards!','drrrreams@gmail.com','2015-11-30 20:53:50','email',1),(3,'en_UK',0,'Hello [USER.NAME]!','user-contact','You have been contacted regarding your advertisement: \n\n`[AD.NAME]`. \n\n User [EMAIL.SENDER] [EMAIL.FROM], have a message for you: \n\n[EMAIL.BODY]. \n\nYou can check your advertisement by following this link [URL.AD]\n\n Regards!','drrrreams@gmail.com','2015-11-30 20:53:50','email',1),(4,'en_UK',0,'Hello [USER.NAME]!','user-profile-contact','User [EMAIL.SENDER] [EMAIL.FROM], have a message for you: \n\n[EMAIL.SUBJECT] \n\n[EMAIL.BODY]. \n\n Regards!','drrrreams@gmail.com','2015-11-30 20:53:50','email',1),(5,'en_UK',0,'[EMAIL.SENDER] wants to contact you!','contact-admin','Hello Admin,\n\n [EMAIL.SENDER]: [EMAIL.FROM], have a message for you:\n\n [EMAIL.BODY] \n\n Regards!','drrrreams@gmail.com','2015-11-30 20:53:50','email',1),(6,'en_UK',0,'Your advertisement `[AD.NAME]` at [SITE.NAME], has been activated!','ads-activated','Hello [USER.OWNER],\n\n We want to inform you that your advertisement [URL.QL] has been activated!\n\n Now it can be seen by others. \n\n We hope we did not make you wait for long. \n\nRegards!','drrrreams@gmail.com','2015-11-30 20:53:50','email',1),(7,'en_UK',0,'Success! Your advertisement `[AD.NAME]` is created on [SITE.NAME]!','ads-notify','Hello [USER.NAME],\n\nThank you for creating an advertisement at [SITE.NAME]! \n\nYou can edit your advertisement here [URL.QL].\n\n Your ad is still not published, it needs to be validated by an administrator. \n\n We are sorry for any inconvenience. We will review it as soon as possible. \n\nRegards!','drrrreams@gmail.com','2015-11-30 20:53:50','email',1),(8,'en_UK',0,'Advertisement `[AD.NAME]` is created on [SITE.NAME]!','ads-user-check','Hello [USER.NAME],\n\n Advertisement is created under your account [USER.NAME]! You can visit this link to see advertisement [URL.AD]\n\n If you are not responsible for creating this advertisement, click a link to contact us [URL.CONTACT].\n\n','drrrreams@gmail.com','2015-11-30 20:53:50','email',1),(9,'en_UK',0,'Advertisement `[AD.TITLE]` is created on [SITE.NAME]!','ads-subscribers','Hello,\n\n You may be interested in this one!\n\nYou can visit this link to see advertisement [URL.AD]\n\n','drrrreams@gmail.com','2015-11-30 20:53:50','email',1),(10,'en_UK',0,'Advertisement `[AD.TITLE]` is created on [SITE.NAME]!','ads-to-admin','Click here to visit [URL.AD]','drrrreams@gmail.com','2015-11-30 20:53:50','email',1),(11,'en_UK',0,'Advertisement `[AD.TITLE]` is sold on [SITE.NAME]!','ads-sold','Order ID: [ORDER.ID]\n\nProduct ID: [PRODUCT.ID]\n\nPlease check your account for the incoming payment.\n\nClick here to visit [URL.AD]','drrrreams@gmail.com','2015-11-30 20:53:50','email',1),(12,'en_UK',0,'Advertisement `[AD.TITLE]` is out of stock on [SITE.NAME]!','out-of-stock','Hello [USER.NAME],\n\nWhile your ad is out of stock, it is unavailable for others to see. If you wish to increase stock and activate, please follow this link [URL.EDIT].\n\nRegards!','drrrreams@gmail.com','2015-11-30 20:53:50','email',1),(13,'en_UK',0,'Advertisement `[AD.TITLE]` is purchased on [SITE.NAME]!','ads-purchased','Order ID: [ORDER.ID]\n\nProduct ID: [PRODUCT.ID]\n\nFor any inconvenience please contact administrator of [SITE.NAME]\n\nClick here to visit [URL.AD]','drrrreams@gmail.com','2015-11-30 20:53:50','email',1),(14,'en_UK',0,'Receipt for [ORDER.DESC] #[ORDER.ID]','new-order','Hello [USER.NAME],Thanks for buying [ORDER.DESC].\n\nPlease complete the payment here [URL.CHECKOUT]','drrrreams@gmail.com','2015-11-30 20:53:50','email',1),(15,'en_UK',0,'Success! Your advertisement `[AD.NAME]` is created on [SITE.NAME]!','ads-confirm','Welcome [USER.NAME],\n\nThank you for creating an advertisement at [SITE.NAME]! \n\nPlease click on this link [URL.QL] to confirm it.\n\nRegards!','drrrreams@gmail.com','2015-11-30 20:53:50','email',1),(16,'en_UK',0,'Your ad [AD.NAME] has expired','ad-expired','Hello [USER.NAME],Your ad [AD.NAME] has expired \n\nPlease check your ad here [URL.EDITAD]','drrrreams@gmail.com','2015-11-30 20:53:50','email',1),(17,'en_UK',0,'Your ad [AD.NAME] is going to expire','ad-to-expire','Hello [USER.NAME],Your ad [AD.NAME] will expire soon \n\nPlease check your ad here [URL.EDITAD]','drrrreams@gmail.com','2015-11-30 20:53:50','email',1),(18,'en_UK',0,'Password Changed [SITE.NAME]','password-changed','Hello [USER.NAME],\n\nYour password has been changed.\n\nThese are now your user details:\nEmail: [USER.EMAIL]\nPassword: [USER.PWD]\n\nWe do not have your original password anymore.\n\nRegards!','drrrreams@gmail.com','2015-11-30 20:53:50','email',1),(19,'en_UK',0,'New reply: [TITLE]','messaging-reply','[URL.QL]\n\n[DESCRIPTION]','drrrreams@gmail.com','2015-11-30 20:53:50','email',1),(20,'en_UK',0,'[FROM.NAME] sent you a direct message','messaging-user-contact','Hello [TO.NAME],\n\n[FROM.NAME] have a message for you:\n\n[DESCRIPTION]\n\n[URL.QL]\n\nRegards!','drrrreams@gmail.com','2015-11-30 20:53:50','email',1),(21,'en_UK',0,'Hello [TO.NAME]!','messaging-ad-contact','You have been contacted regarding your advertisement:\n\n`[AD.NAME]`.\n\nUser [FROM.NAME], have a message for you:\n\n[DESCRIPTION]\n\n[URL.QL]\n\nRegards!','drrrreams@gmail.com','2015-11-30 20:53:50','email',1),(22,'en_UK',0,'New review for [AD.TITLE] [RATE]','ad-review','[URL.QL]\n\n[RATE]\n\n[DESCRIPTION]','drrrreams@gmail.com','2015-11-30 20:53:50','email',1),(30,'ro_RO',0,'Anunțul dvs. `[AD.NAME]` a fost adăugat cu succes pe [SITE.NAME]!','ads-confirm','Bun venit, [USER.NAME].\n\nÎți mulțumim pentru adăugarea anunțului dvs. pe [SITE.NAME].\n\nTe rugăm să apeși un click pe acest link [URL.QL], pentru a confirma anunțul.\n\nToate cele bune!','drrrreams@gmail.com','2013-07-29 14:25:48','email',1),(31,'ro_RO',0,'Anunțul dvs. `[AD.NAME]` a fost adăugat pe [SITE.NAME].','ads-user-check','Bună [USER.NAME],\n\nAnunțul a fost adăugat în contul dvs. [USER.NAME]. Puteți vizita acest link pentru vizualizarea anunțului [URL.AD].\n\nDacă nu sunteți răspunzător pentru adăugarea acestui anunț, vă rugăm să ne contactați, folosind link-ul următor: [URL.CONTACT].','drrrreams@gmail.com','2013-07-29 14:27:46','email',1),(32,'ro_RO',0,'Anunțul dvs. `[AD.NAME]` a fost adăugat cu succes pe [SITE.NAME]!','ads-notify','Bună [USER.NAME],\n\nVă mulțumim că folosii serviciul nostru de anunțuri, [SITE.NAME]\n\nPuteți edita anunțul dvs. aici: [URL.QL].\n\nAnunțul dvs. nu este publicat momentan, deoarece este necesară validarea lui de către un administrator. \nNe cerem scuze pentru eventualele neplăceri. Vom încerca să-l revizuim cât mai repede posibil.\n\nCu stimă.','drrrreams@gmail.com','2013-07-29 14:30:59','email',1),(33,'ro_RO',0,'[EMAIL.SENDER] dorește să ia legătura cu dvs.','contact-admin','Salut Admin,\n\n[EMAIL.SENDER]: [EMAIL.FROM], are un mesaj pentru tine:\n\n[EMAIL.BODY]\n\nCu stimă.','drrrreams@gmail.com','2013-07-29 14:32:57','email',1),(34,'ro_RO',0,'Anunțul dvs. pe [SITE.NAME] a fost activat!','ads-activated','Salutări [USER.OWNER],\n\nDorim să vă informăm că anunțul dvs. [URL.QL] a fost activat.\nAcum, el poate fi vizualizat de către toată lumea.\n\nSperăm că nu v-am făcut să așteptați prea mult timp.\n\nCu stimă.','drrrreams@gmail.com','2013-07-29 14:35:35','email',1),(36,'ro_RO',0,'Bună [USER.NAME]!','user-contact','Ați fost contactat referitor la anunțul dvs. \n\nUtilizatorul [EMAIL.SENDER] [EMAIL.FROM], are un mesaj pentru dvs.:\n[EMAIL.BODY].\n\nCu stimă.','drrrreams@gmail.com','2013-07-29 14:40:46','email',1),(37,'ro_RO',0,'Modificare parolă [SITE.NAME]','auth-remember','Salutare [USER.NAME],\n\nVizitează acest link: [URL.QL] \n\nMulțumim!','drrrreams@gmail.com','2013-07-29 14:41:59','email',1),(38,'ro_RO',0,'Bun venit pe [SITE.NAME]!','auth-register','Bun venit [USER.NAME],\n\nNe bucurăm că v-ați decis să vă alăturați echipei și serviciilor noastre! [URL.QL]\n\nIată detaliile contului dvs.:\nE-mail: [USER.EMAIL]\nParolă: [USER.PWD]\n\nDe acum, vă puteți autentifica folosind aceste date. (parola generată automat nu mai este valabilă).\n\nCu stimă!','drrrreams@gmail.com','2013-07-29 14:44:44','email',1),(39,'pl_PL',0,'Sukces! Twoje ogłoszenie `[AD.NAME]` zostało utworzone na [SITE.NAME]!','ads-confirm','Witaj [USER.NAME],\n\nDziękujemy za zamieszczenie ogłoszenia na [SITE.NAME]!\n\nKliknij na ten link [URL.QL] aby je zatwierdzić.\n\nMiłego dnia!','drrrreams@gmail.com','2013-07-29 14:49:48','email',1),(40,'pl_PL',0,'Ogłoszenie utworzone na [SITE.NAME]!','ads-user-check','Witaj [USER.NAME],\n\nOgłoszenie zostało utworzone na Twoim koncie [USER.NAME]! Odwiedź ten link, aby zobaczyć ogłoszenie [URL.AD].\n\nJeśli to nie Ty utworzyłeś to ogłoszenie, kliknij na link, aby się z nami skontaktować [URL.CONTACT].','drrrreams@gmail.com','2013-07-29 14:51:48','email',1),(41,'pl_PL',0,'Sukces! Twoje ogłoszenie `[AD.NAME]` zostało utworzone na [SITE.NAME]!','ads-notify','Witaj [USER.NAME],\n\nDziękujemy za zamieszczenie ogłoszenia na [SITE.NAME]!\n\nMożesz edytować swoje ogłoszenie tutaj [URL.QL].\n\nTwoje ogłoszenie jest wciąż nieopublikowane, najpierw musi być zatwierdzone przez administratora.\nPrzepraszamy za wszelkie niedogodności. Ogłoszenie zostanie zatwierdzone najszybciej jak to tylko możliwe.\n\nPozdrowienia!','drrrreams@gmail.com','2013-07-29 14:53:51','email',1),(42,'pl_PL',0,'[EMAIL.SENDER] chce się z Tobą skontaktować!','contact-admin','Drogi administratorze,\n\n[EMAIL.SENDER]: [EMAIL.FROM], ma dla Ciebie wiadomość:\n\n[EMAIL.BODY] \n\nPozdrowienia!','drrrreams@gmail.com','2013-07-29 14:55:08','email',1),(43,'pl_PL',0,'Twoje ogłoszenie na [SITE.NAME] zostało aktywowane!','ads-activated','Witaj [USER.OWNER],\n\nInformujemy, że Twoje ogłoszenie [URL.QL] zostało aktywowane! Teraz może być widziane przez innych.\n\nMamy nadzieję, że nie musiałeś czekać długo.\n\nPozdrowienia!','drrrreams@gmail.com','2013-07-29 14:56:23','email',1),(45,'pl_PL',0,'Witaj [USER.NAME]!','user-contact','Dostałeś/aś wiadomość związaną z Twoim ogłoszeniem. \n\nUżytkownik [EMAIL.SENDER] [EMAIL.FROM] ma dla Ciebie wiadomość:\n\n[EMAIL.BODY]. \n\nMiłego dnia!','drrrreams@gmail.com','2013-07-29 15:00:12','email',1),(46,'pl_PL',0,'Zmień hasło [SITE.NAME]','auth-remember','Witaj [USER.NAME],\n\nKliknij na ten link [URL.QL]\n\nDziękujemy!!','drrrreams@gmail.com','2013-07-29 15:00:51','email',1),(47,'pl_PL',0,'Witamy na [SITE.NAME]!','auth-register','Witamy na [SITE.NAME].\n\nBardzo się cieszymy, że do nas dołączyłeś.\n\nZapamiętaj swoje dane logowania:\nEmail: [USER.EMAIL]\nHasło: [USER.PWD]\n\nNie posiadamy już Twojego poprzedniego hasła.\n\nPozdrowienia!','drrrreams@gmail.com','2013-07-29 15:03:08','email',1),(48,'ru_RU',0,'Готово! Ваше объявление `[AD.NAME]` размещено на [SITE.NAME]','ads-confirm','Здравствуйте,  [USER.NAME],\n\nБлагодарим за публикацию объявления на  [SITE.NAME]! \n\nДля подтверждения пройдите по ссылке [URL.QL].\n\nВсего доброго!','drrrreams@gmail.com','2013-07-30 12:08:43','email',1),(49,'ru_RU',0,'Объявление опубликовано на  [SITE.NAME]!','ads-user-check','Здравствуйте, [USER.NAME],\n\nВ вашем аккаунте [USER.NAME] создано новое объявление! Посмотреть его вы можете, пройдя по ссылке [URL.AD]\n\nЕсли вы не создавали никакого объявления, сообщите нам, пройдя по этой ссылке [URL.CONTACT].','drrrreams@gmail.com','2013-07-30 12:10:30','email',1),(50,'ru_RU',0,'Поздравляем! Ваше объявление опубликовано на [SITE.NAME]!','ads-notify','Здравствуйте, [USER.NAME],\n\nБлагодарим за публикацию объявления на  [SITE.NAME]! \n\nРедактировать объявление вы можете здесь [URL.QL].\n\nВаше объявление будет опубликовано после проверки администратором. \nПриносим свои извинения за неудобства. Постараемся исправить как можно быстрее. \n\nВсего доброго!','drrrreams@gmail.com','2013-07-30 12:11:50','email',1),(51,'ru_RU',0,'[EMAIL.SENDER] прислал сообщение!','contact-admin','Здравствуйте, Администратор!\n\n[EMAIL.SENDER]: [EMAIL.FROM], прислал для вас сообщение:\n\n[EMAIL.BODY]','drrrreams@gmail.com','2013-07-30 12:12:56','email',1),(52,'ru_RU',0,'Ваше объявление на  [SITE.NAME] опубликовано!','ads-activated','Здравствуйте, [USER.OWNER],\n\nСообщаем вам, что объявление на [URL.QL] опубликовано! Теперь его смогут увидеть другие. \n\nНадеемся, мы не заставили вас ждать слишком долго.\n\nУдачи!','drrrreams@gmail.com','2013-07-30 12:14:20','email',1),(54,'ru_RU',0,'Здравствуйте, [USER.NAME]!','user-contact','Это сообщение касается вашего объявления. \n\nПользователь [EMAIL.SENDER] [EMAIL.FROM] прислал сообщение: \n\n[EMAIL.BODY]. \n\nУдачи!','drrrreams@gmail.com','2013-07-30 12:16:48','email',1),(55,'ru_RU',0,'Изменить пароль на  [SITE.NAME]','auth-remember','Здравствуйте, [USER.NAME]!\n\nПройдите по этой сылке  [URL.QL]\n\nСпасибо!','drrrreams@gmail.com','2013-07-30 12:17:41','email',1),(56,'ru_RU',0,'Добро пожаловать на  [SITE.NAME]!','auth-register','Добро пожаловать, [USER.NAME],\n\nРады, что вы к нам присоединились на [URL.QL]\n\nЗапомните ваши данные для входа:\nEmail: [USER.EMAIL]\nПароль: [USER.PWD]\n\nМы не сохраяем ваш первоначальный пароль.\n\nУдачи!','drrrreams@gmail.com','2013-07-30 12:18:35','email',1),(57,'cs_CZ',0,'Úspěch! Váš inzerát `[AD.NAME]` byl vytvořen na [SITE.NAME]!','ads-confirm','Vítejte [USER.NAME],\n\nDěkujeme za vytvoření inzerátu na [SITE.NAME]! \n\nPro potvrzení prosím klikněte na tento link  [URL.QL]\n\nPřejeme příjemný zbytek dne!','drrrreams@gmail.com','2013-07-30 12:22:12','email',1),(58,'cs_CZ',0,'Inzerát je vytvořen na [SITE.NAME]!','ads-user-check','Dobrý den  [USER.NAME],\n\nInzerát byl vytvořen pod Vaším účtem [USER.NAME]!  Pro prohlédnutí inzerátu můžete kliknout na tento link  [URL.AD]\n\nPokud jste inzerát nevytvořili Vy, prosím kontaktujte nás na [URL.CONTACT].','drrrreams@gmail.com','2013-07-30 12:23:07','email',1),(59,'cs_CZ',0,'Úspěch! Váš inzerát `[AD.NAME]` byl vytvořen na [SITE.NAME]!','ads-notify','Dobrý den  [USER.NAME],\n\nDěkujeme za zveřejnění inzerátu na [SITE.NAME]! \n\nVáš inzerát můžete upravit zde  [URL.QL].\n\nVáš inzerát ještě není zveřejněn, potřebuje být schválen administrátorem.\nOmlouváme se za nepříjemností. Shlédneme ho, co nejdříve to bude možné.\n\nPřejeme příjemný zbytek dne!','drrrreams@gmail.com','2013-07-30 12:24:31','email',1),(60,'cs_CZ',0,'[EMAIL.SENDER] Vás chce kontaktovat!','contact-admin','Dobrý den Admine,\n\n[EMAIL.SENDER]: [EMAIL.FROM], má pro Vás zprávu:\n\n[EMAIL.BODY] \n\nPřejeme příjemný zbytek dne!','drrrreams@gmail.com','2013-07-30 12:26:28','email',1),(61,'cs_CZ',0,'Váš inzerát na [SITE.NAME] byl aktivován!','ads-activated','Dobrý den [USER.OWNER],\n\nChceme Vás informovat, že Váš inzerát [URL.QL]  byl aktivován!\nNyní si ho mohou prohlížet ostatní.\n\nDoufáme, že jste nečekali dlouho.\n\nPřejeme příjemný zbytek dne!','drrrreams@gmail.com','2013-07-30 12:27:36','email',1),(63,'cs_CZ',0,'Dobrý den [USER.NAME]!','user-contact','Byli jste kontaktování ohledně Vašeho inzerátu, uživatelem [EMAIL.SENDER] \n\n[EMAIL.FROM], má pro Vás tuto zprávu:\n\n[EMAIL.BODY]. \n\nPřejeme příjemný zbytek dne!','drrrreams@gmail.com','2013-07-30 12:30:08','email',1),(64,'cs_CZ',0,'Změna hesla [SITE.NAME]','auth-remember','Dobrý den [USER.NAME],\n\nKlikněte na tento link  [URL.QL]\n\nDěkujeme!','drrrreams@gmail.com','2013-07-30 12:31:01','email',1),(65,'cs_CZ',0,'Vítejte na [SITE.NAME]!','auth-register','Vítejte [USER.NAME],\n\nJsme rádi, že jste se k nám připojili! [URL.QL]\n\nZapamatujte si Vaše přihlašovací údaje:\nEmail: [USER.EMAIL]\nHeslo: [USER.PWD]\n\nJiž nemáme Vaše původní heslo.\n\nPřejeme příjemný zbytek dne!','drrrreams@gmail.com','2013-07-30 12:32:10','email',1),(66,'fr_FR',0,'Félicitations! Votre annonce `[AD.NAME]` a bien été créée sur [SITE.NAME]!','ads-confirm','Bienvenue [USER.NAME],\n\nMerci d\'avoir publié une annonce sur [SITE.NAME]! \n\nVeuillez cliquer sur ce lien [URL.QL] pour la confirmer.\n\nCordialement,','drrrreams@gmail.com','2013-07-30 12:37:55','email',1),(67,'fr_FR',0,'Nouvelle annonce créée sur [SITE.NAME]','ads-user-check','Bonjour [USER.NAME],\n\nL\'annonce a bien été créée sous le compte [USER.NAME]. Vous pouvez cliquer sur ce lien pour la voir [URL.AD]\n\nSi vous n\'êtes pas à l\'origine de cette annonce, cliquez sur ce lien pour nous contacter [URL.CONTACT].','drrrreams@gmail.com','2013-07-30 12:39:00','email',1),(68,'fr_FR',0,'Félicitations! Votre annonce `[AD.NAME]` a bien été créée sur [SITE.NAME]','ads-notify','Bonjour [USER.NAME],\n\nMerci d\'avoir publié une annonce sur [SITE.NAME]!\n\nVous pouvez modifier votre annonce ici [URL.QL].\n\nPour l\'instant, votre annonce est en attente de publication, elle doit encore être validée par le responsable des annonces.\n\nNous sommes désolés pour la gène occasionnée. Elle sera confirmée dès que possible.\n\nCordialement,','drrrreams@gmail.com','2013-07-30 12:41:07','email',1),(69,'fr_FR',0,'[EMAIL.SENDER] souhaite vous contacter!','contact-admin','Bonjour Administrateur,\n\n[EMAIL.SENDER]: [EMAIL.FROM] a un message pour vous:\n\n[EMAIL.BODY]\n\nCordialement,','drrrreams@gmail.com','2013-07-30 12:43:24','email',1),(70,'fr_FR',0,'Votre annonce sur [SITE.NAME] a été activée','ads-activated','Bonjour [USER.OWNER],\n\nNous vous informons que votre annonce [URL.QL] est activée!\nElle est désormais visible de tous.\n\nEn espérant ne vous avoir pas fait trop attendre.\n\nCordialement,','drrrreams@gmail.com','2013-07-30 12:45:03','email',1),(72,'fr_FR',0,'Bonjour [USER.NAME]','user-contact','Vous avez reçu un message au sujet de votre annonce.\nL\'utilisateur [EMAIL.SENDER] [EMAIL.FROM] vous a envoyé le message suivant:\n[EMAIL.BODY].\n\nCordialement,','drrrreams@gmail.com','2013-07-30 12:48:14','email',1),(73,'fr_FR',0,'Changement de mot de passe pour [SITE.NAME]','auth-remember','Bonjour [USER.NAME],\n\nVeuillez suivre ce lien [URL.QL]\n\nMerci!','drrrreams@gmail.com','2013-07-30 12:49:56','email',1),(74,'fr_FR',0,'Bienvenue sur [SITE.NAME]!','auth-register','Bienvenue [USER.NAME],\n\nNous sommes ravis de votre participation! [URL.QL]\nRappelez-vous vos informations d\'utilisateur:\nEmail: [USER.EMAIL]\nMot de passe: [USER.PWD]\n\nNous n\'avons plus votre mot de passe original.\n\nCordialement,','drrrreams@gmail.com','2013-07-30 12:51:20','email',1),(75,'da_DK',0,'Din annonce `[AD.NAME]` blev oprettet på [SITE.NAME]!','ads-confirm','Velkommen [USER.NAME],\n\nTak for din annonce på [SITE.NAME]!\n\nFølge dette link for at bekræfte annoncen.\n\nMed venlig hilsen','drrrreams@gmail.com','2013-07-30 12:55:52','email',1),(76,'da_DK',0,'Annonce oprettet på [SITE.NAME]!','ads-user-check','Hej [USER.NAME],\n\nAnnoncen er oprettet under din profil [USER.NAME]! Du kan følge dette link for at se din annonce: [URL.AD]\n\nHvis det ikke er dig der har oprettet denne annonce, så kontakt os her: [URL.CONTACT].','drrrreams@gmail.com','2013-07-30 12:56:56','email',1),(77,'da_DK',0,'Din annonce `[AD.NAME]` blev oprettet på [SITE.NAME]!','ads-notify','Hej [USER.NAME],\n\nTak for din annonce på [SITE.NAME]! \n\nDu kan redigere din annonce her [URL.QL].\n\nDin annonce er endnu ikke udgivet, da den skal valideres af en administrator. \n\nVi validerer annoncer så hurtigt vi kan, og undskylder på forhånd for ventetiden.\n\nMed venlig hilsen','drrrreams@gmail.com','2013-07-30 12:58:35','email',1),(78,'da_DK',0,'[EMAIL.SENDER] vil gerne i kontakt med dig','contact-admin','Hej Admin,\n\n[EMAIL.SENDER]: [EMAIL.FROM], har skrevet en besked til dig:\n\n[EMAIL.BODY] \n\nMed venlig hilsen','drrrreams@gmail.com','2013-07-30 12:59:54','email',1),(79,'da_DK',0,'Din annonce på [SITE.NAME] er blevet aktiveret!','ads-activated','Hej [USER.OWNER],\n\nDin annonce [URL.QL] er blevet aktiveret,\nden er nu synlig for alle!\n\nHeld og lykke med annoncen.\n\nMed venlig hilsen','drrrreams@gmail.com','2013-07-30 13:01:26','email',1),(81,'da_DK',0,'Hej [USER.NAME]!','user-contact','Der er et svar til din annonce. \nBrugeren [EMAIL.SENDER] [EMAIL.FROM], har skrevet følgende besked til dig:\n\n[EMAIL.BODY]. \n\nMed venlig hilsen','drrrreams@gmail.com','2013-07-30 13:04:57','email',1),(82,'da_DK',0,'Ændring af adgangskode på [SITE.NAME]','auth-remember','Hej [USER.NAME],\n\nFølg dette link: [URL.QL]\n\nTak!','drrrreams@gmail.com','2013-07-30 13:07:13','email',1),(83,'da_DK',0,'Velkommen til [SITE.NAME]!','auth-register','Velkommen [USER.NAME],\n\nVi er glade for du vil være med! [URL.QL]\n\nHusk venligst dine log ind oplysninger:\nEmail: [USER.EMAIL]\nAdgangskode: [USER.PWD]\n\nDin oprindelige adgangskode er ikke længere gyldig.\n\nMed venlig hilsen','drrrreams@gmail.com','2013-07-30 13:08:14','email',1),(84,'no_NO',0,'Vellykket! Din annonse `[AD.NAME]` er opprettet på [SITE.NAME]!','ads-confirm','Velkommen [USER.NAME],\n\nTakk for at du la inn annonnse på [SITE.NAME]! \n\nVennligst klikk på denne lenken [URL.QL] for å godkjenne den.\n\nHilsen!','drrrreams@gmail.com','2013-07-31 15:22:01','email',1),(85,'no_NO',0,'Annonse er opprettet på [SITE.NAME]!','ads-user-check','Hallo [USER.NAME],\n\nAnnonse er opprettet for din bruker [USER.NAME]! Du kan klikke på denne lenken for å se annonsen [URL.AD]\n\nHvis du ikke har opprettet denne annonse, klikk på lenken for å kontakte oss [URL.CONTACT].','drrrreams@gmail.com','2013-07-31 15:22:55','email',1),(86,'no_NO',0,'Vellykket! Din annonse `[AD.NAME]` er opprettet på [SITE.NAME]!','ads-notify','Hallo [USER.NAME],\n\nTakk for at du la inn annonnse på [SITE.NAME]! \nDu kan editere annonsen her [URL.QL].\n\nDin annonse er fremdeles ikke publisert, den må godkjennes av en administrator. \n\nVi beklager ubeleiligheten. Vi vill se på det så snarest mulig.\n\nHilsen!','drrrreams@gmail.com','2013-07-31 15:31:47','email',1),(87,'no_NO',0,'[EMAIL.SENDER] ønsker å kontakte deg!','contact-admin','Hallo Admin,\n\n[EMAIL.SENDER]: [EMAIL.FROM], har en melding til deg:\n\n[EMAIL.BODY] \n\nHilsen!','drrrreams@gmail.com','2013-07-31 15:32:36','email',1),(88,'no_NO',0,'Din annonse påt [SITE.NAME], har blitt aktivert!','ads-activated','Hallo [USER.OWNER],\n\nVi vil informere deg om at din annonse [URL.QL] har blitt aktivert!\nDen kan nå ses av andre. \n\nVi håper du ikke måtte vente for lenge. \n\nHilsen!','drrrreams@gmail.com','2013-07-31 15:33:29','email',1),(90,'no_NO',0,'Hallo [USER.NAME]!','user-contact','Du har blitt kontaktet angående din annonse. \nBruker [EMAIL.SENDER] [EMAIL.FROM], har en beskjed til deg: \n[EMAIL.BODY]. \n\nHilsen!','drrrreams@gmail.com','2013-07-31 15:35:54','email',1),(91,'no_NO',0,'Endre passord [SITE.NAME]','auth-remember','Hallo [USER.NAME],\n\nKlikk på denne lenken  [URL.QL]\n\nTakk!!','drrrreams@gmail.com','2013-07-31 15:37:12','email',1),(92,'no_NO',0,'Velkommen to [SITE.NAME]!','auth-register','Velkommen [USER.NAME],\n\nVi setter pris på at du har registrert deg! [URL.QL]\n\nHusk din brukerinformasjon:\nE-post: [USER.EMAIL]\nPassword: [USER.PWD]\n\nVi har ikke ditt opprinnelige passord lenger.\n\nHilsen!','drrrreams@gmail.com','2013-07-31 15:38:06','email',1),(93,'ca_ES',0,'Èxit! El vostre anunci `[AD.NAME]` és creat damunt [SITE.NAME]!','ads-confirm','Benvingut [USER.NAME],\n\nGràcies Per crear un anunci a [SITE.NAME]! \n\nSi us plau clic en aquest enllaç [URL.QL] per confirmar-lo.\n\nConsideracions,','drrrreams@gmail.com','2013-07-31 15:46:03','email',1),(94,'ca_ES',0,'El vostre anunci és creat damunt [SITE.NAME]!','ads-user-check','Hola [USER.NAME],\n\nL\'anunci és creat sota el vostre compte [USER.NAME]! Pots visitar aquest enllaç per veure anunci [URL.AD].\n\nSi no ets responsable per crear aquest anunci, clic un enllaç per contactar-nos [URL.CONTACT].','drrrreams@gmail.com','2013-07-31 15:55:59','email',1),(95,'ca_ES',0,'Èxit! El vostre anunci `[AD.NAME]` és creat damunt [SITE.NAME]!','ads-notify','Hola [USER.NAME],\n\nGràcies Per crear un anunci a [SITE.NAME]! \nEt Pot editar el vostre anunci aquí [URL.QL].\n\nEl vostre anunci és encara no publicat, necessita ser validat per un administrador. \nEns sap greu per qualsevol inconveniència. El revisarem al més aviat possible. \n\nConsideracions!','drrrreams@gmail.com','2013-08-02 13:29:57','email',1),(96,'ca_ES',0,'[EMAIL.SENDER] vol contactarte!','contact-admin','Hola Admin,\n\n[EMAIL.SENDER]: [EMAIL.FROM], té un missatge per tu:\n\n[EMAIL.BODY]\n\nConsideracions!','drrrreams@gmail.com','2013-08-02 15:17:04','email',1),(97,'ca_ES',0,'El vostre anunci a [SITE.NAME] ha estat activat!','ads-activated','Hola [USER.OWNER],\n\nEt volem informar que el vostre anunci [URL.QL] ha estat activat! Ara pugui ser vist per altres. \nEsperem no vam fer esperes per llarg. \n\nConsideracions!','drrrreams@gmail.com','2013-08-02 15:18:05','email',1),(99,'ca_ES',0,'Hola [USER.NAME]!','user-contact','T\'Ha estat contactat pel que fa al vostre anunci. Usuari [EMAIL.SENDER] [EMAIL.FROM], té un missatge per tu: \n[EMAIL.BODY]\n\nConsideracions!','drrrreams@gmail.com','2013-08-02 13:47:07','email',1),(100,'ca_ES',0,'Canvi contrasenya [SITE.NAME]','auth-remember','Hola [USER.NAME],\n\nSeguir aquest enllaç [URL.QL]\n\nGràcies!!','drrrreams@gmail.com','2013-08-02 13:48:18','email',1),(101,'ca_ES',0,'Benvingut a [SITE.NAME]!','auth-register','Benvinguda [USER.NAME],\n\nSom realment feliços que te\'ns ha unit! [URL.QL]\n\nRecordar els vostres detalls d\'usuari:\nCorreu electrònic: [USER.EMAIL]\nContrasenya: [USER.PWD]\nNo tenim la vostra contrasenya original més.\n\nConsideracions!','drrrreams@gmail.com','2013-08-02 13:49:40','email',1),(102,'in_ID',0,'Berhasil! Iklan anda `[AD.NAME]` telah dibuat [SITE.NAME]!','ads-confirm','Selamat datang [USER.NAME],\n\nTerima kasih telah membuat iklan di [SITE.NAME]! \n\nSilahkan Klik link ini [URL.QL] untuk konfirmasi.\n\nRegard!','drrrreams@gmail.com','2013-08-02 14:04:14','email',1),(103,'in_ID',0,'Iklan telah dibuat [SITE.NAME]!','ads-user-check','Halo [USER.NAME],\n\nIklananda telah dibuat dibawah email [USER.NAME]! Anda dapat mengunjungi tutan ini untuk melihat iklan [URL.AD]\n\nJika anda tidak bertanggung jawab membuat iklan ini, klik tautan untuk hubungi kami [URL.CONTACT].','drrrreams@gmail.com','2013-08-02 14:05:30','email',1),(104,'in_ID',0,'Berhasil! Iklan anda `[AD.NAME]` telah dibuat [SITE.NAME]!','ads-notify','Halo [USER.NAME],\n\nTerima kasih telah membuat iklan di [SITE.NAME]! \n\nAnda dapar mengedit iklan anda disini [URL.QL].\n\nIklan ada masih belum dipublikasi, harus disahkan oleh administrator.\nKami meminta maaf atas gangguan ini. Kami akan mengadakan peninjauan segera.\n\nRegard!','drrrreams@gmail.com','2013-08-02 14:07:03','email',1),(105,'in_ID',0,'[EMAIL.SENDER] ingin menghubungi Anda!','contact-admin','Halo Admin,\n\n[EMAIL.SENDER]: [EMAIL.FROM], Mempunyai pesan untuk anda:\n[EMAIL.BODY] \n\nRegard!','drrrreams@gmail.com','2013-08-02 14:07:54','email',1),(106,'in_ID',0,'Iklan ada pada situs [SITE.NAME] telah diaktifan!','ads-activated','Halo [USER.OWNER],\n\nKami akan menginformasikan bahwa iklan anda [URL.QL] telah diaktifkan!\nSekarang dapat terlihat oleh yang lain.\n\nKami harap tidak membuat anda menunggu lama.\n\nRegard!','drrrreams@gmail.com','2013-08-02 14:09:34','email',1),(108,'in_ID',0,'Halo [USER.NAME]!','user-contact','Anda telah dihubungi mengenai iklan Anda. Pengguna [EMAIL.SENDER] [EMAIL.FROM], mempunyai pesan untuk anda: \n[EMAIL.BODY]. \n\nRegard!','drrrreams@gmail.com','2013-08-02 14:12:05','email',1),(109,'in_ID',0,'Ubah kata sandi [SITE.NAME]','auth-remember','Halo [USER.NAME],\n\nIkutitautan ini [URL.QL]\n\nTerima kasih!!','drrrreams@gmail.com','2013-08-02 14:13:28','email',1),(110,'in_ID',0,'Selamat datang di [SITE.NAME]!','auth-register','Selamat datang [USER.NAME],\n\nKami sangat senang karena anda telah bergabung dengan kami! [URL.QL]\n\nMengingat rincian pengguna Anda:\nEmail: [USER.EMAIL]\nKata sandi: [USER.PWD]\n\nKami tidak mempunyai kata sandi anda yang asli lagi.\n\nRegard!','drrrreams@gmail.com','2013-08-02 14:14:44','email',1),(111,'sk_SK',0,'Blahoželáme! Váš inzerát `[AD.NAME]` je vytvorený na [SITE.NAME]!','ads-confirm','Vitajte [USER.NAME],\n\nĎakujeme za pridanie inzerátu na [SITE.NAME]!\n\nProsím kliknite na nasledujúci odkaz [URL.QL] pre potvrdenie.\n\nS pozdravom!','drrrreams@gmail.com','2013-08-02 14:19:56','email',1),(112,'sk_SK',0,'Inzerát je vytvorený na [SITE.NAME]!','ads-user-check','Dobrý deň [USER.NAME],\n\n Inzerát bol vytvorený pod Vaším účtom [USER.NAME]! Pre zobrazenie inzerátu môžete navštíviť túto stránku [URL.AD]\n\nAk ste nevytvorili tento inzerát, kliknite na nasledujúci link aby ste nás kontaktovali  [URL.CONTACT].','drrrreams@gmail.com','2013-08-02 14:21:41','email',1),(113,'sk_SK',0,'Blahoželáme! Váš inzerát `[AD.NAME]` je vytvorený na [SITE.NAME]!','ads-notify','Dobrý deň  [USER.NAME],\n\nĎakujeme za zadanie inzerátu na stránke [SITE.NAME]! \nVáš inzerát môžete upraviť tu [URL.QL].\n\nVáš inzerát ešte nie je zverenený, musí ho schváliť administrátor.\nOspravedlňujeme sa za nepríjemnosť. Budeme sa tomu venovať hneď ako to bude možné.\n\nS pozdravom!','drrrreams@gmail.com','2013-08-02 14:23:18','email',1),(114,'sk_SK',0,'[EMAIL.SENDER] má pre Vás správu','contact-admin','Dobrý deň Admin,\n\n[EMAIL.SENDER]: [EMAIL.FROM], má pre Vás správu:\n\nS pozdravom!','drrrreams@gmail.com','2013-08-02 14:27:37','email',1),(115,'sk_SK',0,'Váš inzerát na [SITE.NAME] bol aktivovaný!','ads-activated','Dobrý deň [USER.OWNER],\n\nOznamujeme Vám, že Váš inzerát [URL.QL] aktivovaný!\nTeraz to môžu vidieť aj ostatní.\n\nDúfame, že sme Vás nenechali čakať dlho.\n\nS pozdravom !','drrrreams@gmail.com','2013-08-02 14:28:44','email',1),(117,'sk_SK',0,'Dobrý deň [USER.NAME]!','user-contact','Boli ste kontaktovaní vzhľadom na Váš inzerát. \n\nUžívateľ [EMAIL.SENDER] [EMAIL.FROM], má pre Vás správu: \n\n[EMAIL.BODY]. \n\nS pozdravom!','drrrreams@gmail.com','2013-08-02 14:32:17','email',1),(118,'sk_SK',0,'Zmena hesla [SITE.NAME]','auth-remember','Dobrý deň  [USER.NAME],\n\nNásledujte tento odkaz [URL.QL]\n\nĎakujeme!','drrrreams@gmail.com','2013-08-02 14:34:08','email',1),(119,'sk_SK',0,'Vitajte na [SITE.NAME]!','auth-register','Vitajte [USER.NAME],\n\nNaozaj nás teší, že ste sa k nám pripojili! [URL.QL]\nUchovajte si Vaše údaje:\nEmail: [USER.EMAIL]\nHeslo: [USER.PWD]\nUž nemáme vaše pôvodné heslo.\n\nĎakujeme!','drrrreams@gmail.com','2013-08-02 14:35:50','email',1),(120,'ml_IN',0,'[SITE.NAME] - ല്‍ താങ്കളുടെ `[AD.NAME]` പരസ്യം സ്വീകരിക്കപ്പെട്ടിരിക്കുന്നു.  അഭിനന്ദനങ്ങള്‍!','ads-confirm','സ്വാഗതം [USER.NAME],\n\n[SITE.NAME] - ല്‍ ഒരു പരസ്യം പ്രസിദ്ധീകരിക്കുവാന്‍ മുമ്പോട്ടുവന്നതില്‍ താങ്കളോട്‌ നന്ദി അറിയിക്കുന്നു.\n\nദയവായി അത്‌ ഉറപ്പാക്കുവാന്‍ ഈ ലിങ്കില്‍ ക്ലിക്ക് ചെയ്യുക [URL.QL] \n\nഅന്യേഷണങ്ങള്‍ അറിയിക്കുന്നു !','drrrreams@gmail.com','2013-08-02 15:21:25','email',1),(121,'ml_IN',0,'[SITE.NAME] - ല്‍  പരസ്യം സ്വീകരിക്കപ്പെട്ടിരിക്കുന്നു!','ads-user-check','ഹെല്ലോ [USER.NAME],\n\nപ്രിയ [USER.NAME], താങ്കളുടെ അക്കൗണ്ടില്‍ ഈ പരസ്യം ഞങ്ങള്‍ സ്വീകരിച്ചിരിക്കുന്നു. താങ്കളുടെ പരസ്യം കാണുവാന്‍ ഈ ലിങ്കില്‍ ക്ലിക്ക് ചെയ്യുക [URL.AD]\n\nഈ പരസ്യം താങ്കള്‍ തന്നിരിക്കുന്നതല്ല എങ്കില്‍, ദയവായി ഈ ലിങ്കില്‍ ക്ലിക്ക് ചെയ്ത്‌ ഞങ്ങളെ വിവരമറിയിക്കുക [URL.CONTACT].','drrrreams@gmail.com','2013-08-02 15:23:21','email',1),(122,'ml_IN',0,'[SITE.NAME] - ല്‍ താങ്കളുടെ `[AD.NAME]` പരസ്യം സ്വീകരിക്കപ്പെട്ടിരിക്കുന്നു.  അഭിനന്ദനങ്ങള്‍!','ads-notify','ഹെല്ലോ [USER.NAME],\n\n[SITE.NAME] - ല്‍ ഒരു പരസ്യം പ്രസിദ്ധീകരിക്കുവാന്‍ മുമ്പോട്ടുവന്നതില്‍ താങ്കളോട്‌ നന്ദി അറിയിക്കുന്നു.\n\nതാങ്കളുടെ പരസ്യത്തില്‍ ഏതെങ്കിലും മാറ്റം വരുത്തുവാന്‍ ഉണ്ടെങ്കില്‍ ഈ ലിങ്ക് ഉപയോഗിക്കുക [URL.QL].\n\nതാങ്കളുടെ പരസ്യം ഇപ്പോഴും പ്രസിദ്ധീകരിക്കപ്പെട്ടില്ല. അത് അഡ്മിനിസ്ട്രേട്ടരുടെ വിലയിരുത്തലിനുകൂടി വിധേയമാവേണ്ടതുണ്ട്.\nതാങ്കള്‍ക്കുണ്ടായ അസൌകര്യങ്ങള്‍ക്ക് ക്ഷമാപണം നടത്തുന്നു.ഏറ്റവും വേഗത്തില്‍ പരിശോധനാ നടപടികള്‍ പൂര്‍ത്തീകരിക്കുന്നതാണ്.\n\nഅന്യേഷണങ്ങള്‍ അറിയിക്കുന്നു !','drrrreams@gmail.com','2013-08-02 15:25:33','email',1),(123,'ml_IN',0,'[SITE.NAME] - ല്‍ തന്നിരുന്ന താങ്കളുടെ പരസ്യം ആക്ടിവേറ്റ് ചെയ്യപ്പെട്ടിരിക്കുന്നു. അഭിനന്ദനങ്ങള്‍','ads-activated','ഹെല്ലോ [USER.OWNER],\n\nതാങ്കളുടെ പരസ്യം [URL.QL] ആക്ടിവേറ്റ് ആയിരിക്കുന്നതായി അറിയിക്കുന്നതില്‍ അതിയായ സന്തോഷമുണ്ട്.\nഇപ്പോള്‍ താങ്കളുടെ പരസ്യം മറ്റുള്ളവര്‍ക്കും കാണുവാന്‍ കഴിയും.\nതാങ്കളെ ഏറെ കാത്തിരുത്തിയില്ലായെന്നു കരുതട്ടെ.\nഅന്യേഷണങ്ങള്‍ അറിയിക്കുന്നു !','drrrreams@gmail.com','2013-08-02 15:27:09','email',1),(125,'ml_IN',0,'ഹെല്ലോ [USER.NAME]!','user-contact','താങ്കളുടെ പരസ്യത്തിന് ഇതാ ഒരു അന്വേഷണം എത്തിയിരിക്കുന്നു.  [EMAIL.SENDER] [EMAIL.FROM] - ല്‍ നിന്നുമുള്ള പ്രതികരണമാണിത്.\n\n[EMAIL.BODY]\n\nഅന്യേഷണങ്ങള്‍ അറിയിക്കുന്നു !','drrrreams@gmail.com','2013-08-02 15:29:59','email',1),(126,'ml_IN',0,'പാസ്‌വേഡ് മാറ്റം : [SITE.NAME]!','auth-remember','ഹെല്ലോ [USER.NAME],\n\nഈ ലിങ്ക് പിന്‍തുടരുക [URL.QL]\n\nനന്ദി!','drrrreams@gmail.com','2013-08-02 15:31:21','email',1),(127,'ml_IN',0,'[SITE.NAME] - ലേയ്ക്ക് സ്വാഗതം!','auth-register','സ്വാഗതം [USER.NAME],\n\nപ്രിയ [URL.QL], താങ്കള്‍ ഞങ്ങളോടൊപ്പം ഒത്തുചേര്‍ന്നത്തില്‍ അതിയായ സന്തോഷം അറിയിക്കുന്നു.\n\nതാങ്കളുടെ യൂസര്‍ അക്കൌണ്ട് വിവരങ്ങള്‍ ഓര്‍ത്തിരിക്കുക:\nഇമെയില്‍ : [USER.EMAIL]\nപാസ്‌വേഡ് : [USER.PWD]\n\nതുടര്‍ന്ന്‍ താങ്കളുടെ പാസ്‌വേഡ് ഞങ്ങളോടൊപ്പമല്ല, താങ്കളുടെ നിയന്ത്രണത്തിലാന്നെന്ന്‍ അറിയുക.\n\nഅന്യേഷണങ്ങള്‍ അറിയിക്കുന്നു !','drrrreams@gmail.com','2013-08-02 15:32:29','email',1),(128,'ar',0,'تم بنجاح `[AD.NAME]` اضافة اعلانك على موقع [SITE.NAME]!','ads-confirm','[right][USER.NAME] مرحبا[/right]\n[right]شكرا  لك على وضع اعلانك على  موقع [SITE.NAME][/right]\n[right]الرجاء الضغط على الرابط  [URL.QL] للتاكيد[/right]\n[right]مع ارق التحيات[/right]','drrrreams@gmail.com','2013-08-05 14:07:44','email',1),(129,'ar',0,'تم ‘نشاء الاعلان  على  [SITE.NAME]!','ads-user-check','[right][USER.NAME] مرحبا [/right]\n[right]تم انشاء اعلان  بواسطة حسابك [USER.NAME]!  اضغط على الرابط للتاكد من الاعلان [URL.AD][/right]\n[right]اذا لم تقم بانشاء هذا الاعلان , الرجاء الضغط على الرابط للتواصل معنا [URL.CONTACT][/right]','drrrreams@gmail.com','2013-08-05 14:13:12','email',1),(130,'ar',0,'تم بنجاح `[AD.NAME]` اضافة اعلانك على موقع [SITE.NAME]!','ads-notify','[right]مرحبا[USER.NAME][/right]\n[right]شكرا لك لانشائك اعلان على موقع [SITE.NAME][/right]\n[right]بمكانك التعديل على الاعلان  هنا [URL.QL][/right]\n[right]لم يتم نشر اعلانك حتى تتم الموافقة من الادارة.[/right]\n[right]ونحن نعتذر عن أي إزعاج. وسوف يتم مراجعة في أقرب وقت ممكن.[/right]\n[right]تحياتنا  لك [/right]','drrrreams@gmail.com','2013-08-05 14:16:20','email',1),(131,'ar',0,'!يريد الاتصال بك [EMAIL.SENDER]','contact-admin','[right]اهلا مدير [/right]\n[right][EMAIL.SENDER] لديك رساله جديدة من [EMAIL.FROM][/right]\n[right][EMAIL.BODY][/right]\n[right]تحياتنا لك [/right]','drrrreams@gmail.com','2013-08-05 14:20:56','email',1),(132,'ar',0,'تم تفعيل علانك على موقع [SITE.NAME]!','ads-activated','[right]مرحبا [USER.OWNER][/right]\n[right]نود اعلامك بان اعلانك [URL.QL] قد تم تفعيلة ![/right]\n[right]الان يمكن للاخرين مشاهدته[/right]\n[right]نتمنى ألا نكون قد اطلنا انتظارك [/right]\n[right]تحياتنا لك [/right]','drrrreams@gmail.com','2013-08-05 14:22:53','email',1),(134,'ar',0,'مرحبا [USER.NAME],','user-contact','[right]تم الاتصال بك  بسبب اعلانك  المستخدم [EMAIL.FROM][EMAIL.SENDER] قام ارسالك  رساله  [/right]\n[right][EMAIL.BODY][/right]\n[right]تحياتنا لك [/right]','drrrreams@gmail.com','2013-08-05 14:26:01','email',1),(135,'ar',0,'تغيير كلمة المرور [SITE.NAME]','auth-remember','[right]مرحبا [USER.NAME][/right]\n[right]الرجاء  الضغط على الرابط التالي [URL.QL][/right]\n[right]وشكرا لك [/right]','drrrreams@gmail.com','2013-08-05 14:27:06','email',1),(136,'ar',0,'مرحبا [SITE.NAME]','auth-register','[right]مرحبا [USER.NAME][/right]\n[right]نحن في غاية السعادة بنظمامك الينا! [URL.QL][/right]\n[right]تفااصيل حسابك [/right]\n[right]البريد الالكتروني: [USER.EMAIL][/right]\n[right]كلمة السر: [USER.PWD][/right]\n[right]لم نعد نملك كلمة السر الاصلية  بعد الان.[/right]\n[right]تحياتنا لك[/right]','drrrreams@gmail.com','2013-08-05 14:28:13','email',1),(137,'es_ES',0,'Cambiar Contraseña [SITE.NAME]','auth-remember','Hola [USER.NAME],\r\n\r\nSigue este enlace  [URL.QL]\r\n\r\n¡Gracias!','drrrreams@gmail.com','2014-10-28 07:40:59','email',1),(138,'es_ES',0,'¡Bienvenido a [SITE.NAME]!','auth-register','Bienvenido [USER.NAME],\r\n\r\n¡Estamos muy contentos de que te no hayas unido! [URL.QL]\r\n\r\nRecuerda tus detalles de usuario:\r\nEmail: [USER.EMAIL]\r\nContraseña: [USER.PWD]\r\n\r\nYa no tenemos más tu contraseña original.\r\n\r\n¡Saludos!','drrrreams@gmail.com','2014-10-28 07:43:35','email',1),(139,'es_ES',0,'¡Hola [USER.NAME]!','user-contact','Has sido contactado en relación con tu anuncio: \r\n\r\n`[AD.NAME]`. \r\n\r\n Usuario [EMAIL.SENDER] [EMAIL.FROM], tiene un mensaje para ti: \r\n\r\n[EMAIL.BODY]. \r\n\r\n ¡Saludos!','drrrreams@gmail.com','2014-10-28 07:44:40','email',1),(140,'es_ES',0,'¡Hola [USER.NAME]!','user-profile-contact','Usuario [EMAIL.SENDER] [EMAIL.FROM], tiene un mensaje para ti: \r\n\r\n[EMAIL.SUBJECT] \r\n\r\n[EMAIL.BODY]. \r\n\r\n ¡Saludos!','drrrreams@gmail.com','2014-10-28 07:45:17','email',1),(141,'es_ES',0,'¡[EMAIL.SENDER] quiere contactarte!','contact-admin','Hello Admin,\r\n\r\n [EMAIL.SENDER]: [EMAIL.FROM], tiene un mensaje para ti:\r\n\r\n [EMAIL.BODY] \r\n\r\n ¡Saludos!','drrrreams@gmail.com','2014-10-28 07:46:09','email',1),(142,'es_ES',0,'¡Tu anuncio `[AD.NAME]` en [SITE.NAME] ha sido activado!','ads-activated','Hola [USER.OWNER],\r\n\r\n ¡Queremos informate que tu anuncio [URL.QL] ha sido activado!\r\n\r\n Ahora puede ser visto por otros usuarios. \r\n\r\n Esperamos no habarte hecho esperar demasiado. \r\n\r\n¡Saludos!','drrrreams@gmail.com','2014-10-28 07:48:22','email',1),(143,'es_ES',0,'¡Enhorabuena! Tu anuncio `[AD.NAME]` ha sido creado en [SITE.NAME]!','ads-notify','Hola [USER.NAME],\r\n\r\n¡Gracias por crear un anuncio en [SITE.NAME]! \r\n\r\nPuedes editar tu anuncio aquí [URL.QL].\r\n\r\n Tu anuncio aún no está publicado, necesita que sea validado por un administrador. \r\n\r\n Lamentamos el inconveniente. Lo revisaremos lo más pronto posible.\r\n\r\n¡Saludos!','drrrreams@gmail.com','2014-10-28 07:51:32','email',1),(144,'es_ES',0,'¡Anuncio `[AD.NAME]` ha sido creado en [SITE.NAME]!','ads-user-check','Hola [USER.NAME],\r\n\r\n ¡[USER.NAME], un anuncio ha sido creado en tu cuenta! Puedes visitar este enlace para verlo [URL.AD]\r\n\r\n Si no eres el responsable de la creación de este anuncio, has clic en este enlace para contactarnos [URL.CONTACT].\r\n\r\n','drrrreams@gmail.com','2014-10-28 08:08:50','email',1),(145,'es_ES',0,'¡Anuncio `[AD.TITLE]` ha sido creado en [SITE.NAME]!','ads-subscribers','¡Hola,\r\n\r\n ¡Quizás te interese esto!\r\n\r\nPuede visitar este enlace para ver el anuncio [URL.AD]\r\n\r\n','drrrreams@gmail.com','2014-10-28 08:08:55','email',1),(146,'es_ES',0,'¡Anuncio `[AD.TITLE]` ha sido creado en [SITE.NAME]!','ads-to-admin','Clic aquí para visitarlo [URL.AD]','drrrreams@gmail.com','2014-10-28 08:03:48','email',1),(147,'es_ES',0,'¡Anuncio `[AD.TITLE]` ha sido vendido en [SITE.NAME]!','ads-sold','ID de la orden: [ORDER.ID]\r\n\r\nID del producto: [PRODUCT.ID]\r\n\r\nPor favor, verifica tu cuenta para el pago recibido.\r\n\r\nClic aquí para visitar [URL.AD]','drrrreams@gmail.com','2014-10-28 08:08:16','email',1),(148,'es_ES',0,'¡El anuncio `[AD.TITLE]` ya no cuenta con stock en [SITE.NAME]!','out-of-stock','Hola [USER.NAME],\r\n\r\nMientras tu anuncio está fuera de stock, no estará disponible para que otros usuarios lo vean. Si deseas incrementar tu stock y activar tu anuncio, por favor sigue este enlace [URL.EDIT].\r\n\r\n¡Saludos!','drrrreams@gmail.com','2014-10-28 08:08:07','email',1),(149,'es_ES',0,'¡El anuncio `[AD.TITLE]` ha sido comprado [SITE.NAME]!','ads-purchased','ID de la orden: [ORDER.ID]\r\n\r\nID del producto: [PRODUCT.ID]\r\n\r\nPor cualquier inconveniente por favor ponte en contacto con el administrador de [SITE.NAME]\r\n\r\nClic aquí para visitar [URL.AD]','drrrreams@gmail.com','2014-10-28 08:10:23','email',1),(150,'es_ES',0,'Recibo de [ORDER.DESC] #[ORDER.ID]','new-order','Hola [USER.NAME], gracias por comprar [ORDER.DESC].\r\n\r\nPor favor, completa tu pago aquí [URL.CHECKOUT]','drrrreams@gmail.com','2014-10-28 08:11:39','email',1),(151,'es_ES',0,'¡Enhorabuena! Tu anuncio `[AD.NAME]` fue creado en [SITE.NAME]!','ads-confirm','Bienvenido [USER.NAME],\r\n\r\nGracias por crear un anuncio en [SITE.NAME]! \r\n\r\nPor favor, has clic en este enlace [URL.QL] para confirmarlo.\r\n\r\n¡Saludos!','drrrreams@gmail.com','2014-10-28 08:12:51','email',1),(152,'es_ES',0,'Tu anuncio [AD.NAME] ha expirado','ad-expired','Hola [USER.NAME], Tu anuncio [AD.NAME] ha expirado \r\n\r\nPor favor, revisa tu anuncio aquí [URL.EDITAD]','drrrreams@gmail.com','2014-10-28 07:52:59','email',1),(153,'es_ES',0,'Opinión nueva para [AD.TITLE] [RATE]','ad-review','[URL.QL]\r\n\r\n[RATE]\r\n\r\n[DESCRIPTION]','drrrreams@gmail.com','2014-10-28 07:52:15','email',1),(154,'en_US',0,'Thank you for joining the 30 Second Ads Community!','thank-you-for-joining-the-30-second-ads-community','<p><span style=\"font-weight: bold;\"><br></span></p><p><span style=\"font-weight: bold;\">Hey!</span></p><p><span style=\"font-weight: bold;\">We\'re so glad you have become a member of 30 Second Ads. </span></p><p><span style=\"font-weight: bold;\"><br></span>Now &nbsp;you can e<span style=\"letter-spacing: 0.1px; line-height: 1.846;\">njoy unlimited and free ad posting, as well as a large P2P network of auto parts buyers and sellers and a way to make consistent sales and purchases, quick!</span></p><p><br></p>','drrrreams@gmail.com','2015-12-01 03:07:08','email',1),(155,'en_US',0,'Look at that! A possible buyer has matched your ad!','look-at-that-a-possible-buyer-has-matched-your-ad','<p><span style=\"font-weight: bold;\">It looks like we found a match for the ad you posted.&nbsp;</span></p><p>Make sure to contact the buyer as soon as possible!</p>','drrrreams@gmail.com','2015-12-01 03:09:08','email',1),(157,'en_US',0,'Contact','contact-us','<p><span style=\"font-weight: bold;\">Please get in touch with us if you have any questions regarding site functionality, or if you\'re having trouble with something.&nbsp;</span></p><p><span style=\"font-weight: bold;\">We are happy to assist you in any way possible.</span></p>',NULL,'2015-12-04 02:53:07','page',1),(163,'en_US',0,'Hello [USER.NAME]!','user-profile-contact','Another user, [EMAIL.SENDER] [EMAIL.FROM], has a message for you: \r\n\r\n[EMAIL.SUBJECT] \r\n\r\n[EMAIL.BODY]. Make sure you reply as soon as possible!','drrrreams@gmail.com','2015-12-22 01:33:29','email',1),(160,'en_US',0,'Change Password [SITE.NAME]','auth-remember','<p>Hello [USER.NAME],\r\n\r\nFollow this link to create a new password &nbsp;[URL.QL]\r\n</p><p>\r\nThanks!</p><p><br></p><p><br></p><p><br></p>','drrrreams@gmail.com','2015-12-22 01:43:18','email',1),(161,'en_US',0,'Welcome to [SITE.NAME]!','auth-register','<p>Welcome [USER.NAME],\r\n\r\nWe are really happy that you have joined us! [URL.QL]</p><p>You are now a part of the best network for buying and selling used auto parts. Finding what you need for your car or parting it out has never been this easy.&nbsp;</p><p>\r\n</p><p>\r\nRemember your account details:\r\n</p><p>Email: [USER.EMAIL]\r\n</p><p>Password: [USER.PWD]\r\n</p><p>\r\nWe do not have your original password anymore.\r\n\r\nRegards!</p><p><br></p><p>Mike Laird</p><p><span style=\"font-style: italic;\">Founder, <span style=\"font-weight: bold;\">30 Second Ads</span></span></p><p><br></p><p><br></p>','drrrreams@gmail.com','2015-12-22 01:47:42','email',1),(162,'en_US',0,'Hello [USER.NAME]! You Have A New Message Regarding Your Ad!','user-contact','<p>You have been contacted regarding your advertisement: \r\n\r\n`[AD.NAME]`. The user [EMAIL.SENDER] [EMAIL.FROM], has a message for you: \r\n\r\n[EMAIL.BODY]. \r\n\r\nYou can check your advertisement by following this link [URL.AD]\r\n\r\n Regards!</p><p><br></p><p><br></p><p><br></p><p>Mike Laird</p><p><span style=\"font-style: italic; font-weight: bold; letter-spacing: 0.1px; line-height: 1.846;\">30 Second Ads Founder</span><br></p>','drrrreams@gmail.com','2015-12-22 01:51:21','email',1),(164,'en_US',0,'[EMAIL.SENDER] wants to contact you!','contact-admin','Hello Admin,\r\n\r\n [EMAIL.SENDER]: [EMAIL.FROM], has a message for you:\r\n\r\n [EMAIL.BODY] \r\n\r\n Regards!','drrrreams@gmail.com','2015-12-22 01:41:14','email',1),(165,'en_US',0,'Your advertisement `[AD.NAME]` on [SITE.NAME] is now live!','ads-activated','<p>Hello [USER.OWNER],\r\n\r\n We want to inform you that your advertisement [URL.QL] is now live!\r\n\r\n Now it can be seen by others. Good Luck!</p><p><br></p><p>Mike Laird</p><p><span style=\"font-weight: bold;\"><span style=\"font-style: italic;\">Founder</span>, </span><span style=\"font-style: italic; font-weight: bold;\">30 Second Ads</span></p>','drrrreams@gmail.com','2015-12-22 01:55:16','email',1),(166,'en_US',0,'Success! Your advertisement `[AD.NAME]` is created on [SITE.NAME]!','ads-notify','Hello [USER.NAME],\n\nThank you for creating an advertisement at [SITE.NAME]! \n\nYou can edit your advertisement here [URL.QL].\n\n Your ad is still not published, it needs to be validated by an administrator. \n\n We are sorry for any inconvenience. We will review it as soon as possible. \n\nRegards!','drrrreams@gmail.com','2015-11-30 20:53:50','email',1),(167,'en_US',0,'Advertisement `[AD.NAME]` is created on [SITE.NAME]!','ads-user-check','Hello [USER.NAME],\n\n Advertisement is created under your account [USER.NAME]! You can visit this link to see advertisement [URL.AD]\n\n If you are not responsible for creating this advertisement, click a link to contact us [URL.CONTACT].\n\n','drrrreams@gmail.com','2015-11-30 20:53:50','email',1),(168,'en_US',0,'Advertisement `[AD.TITLE]` is created on [SITE.NAME]!','ads-subscribers','Hello, a matching ad was posted for the vehicle you registered!\r\n\r\nYou can visit this link to see advertisement [URL.AD]\r\n\r\n','drrrreams@gmail.com','2015-12-22 01:40:18','email',1),(169,'en_US',0,'Advertisement `[AD.TITLE]` is created on [SITE.NAME]!','ads-to-admin','Click here to visit [URL.AD]','drrrreams@gmail.com','2015-11-30 20:53:50','email',1),(170,'en_US',0,'Advertisement `[AD.TITLE]` is sold on [SITE.NAME]!','ads-sold','Order ID: [ORDER.ID]\n\nProduct ID: [PRODUCT.ID]\n\nPlease check your account for the incoming payment.\n\nClick here to visit [URL.AD]','drrrreams@gmail.com','2015-11-30 20:53:50','email',1),(171,'en_US',0,'Advertisement `[AD.TITLE]` is out of stock on [SITE.NAME]!','out-of-stock','Hello [USER.NAME],\n\nWhile your ad is out of stock, it is unavailable for others to see. If you wish to increase stock and activate, please follow this link [URL.EDIT].\n\nRegards!','drrrreams@gmail.com','2015-11-30 20:53:50','email',1),(172,'en_US',0,'Advertisement `[AD.TITLE]` is purchased on [SITE.NAME]!','ads-purchased','Order ID: [ORDER.ID]\n\nProduct ID: [PRODUCT.ID]\n\nFor any inconvenience please contact administrator of [SITE.NAME]\n\nClick here to visit [URL.AD]','drrrreams@gmail.com','2015-11-30 20:53:50','email',1),(173,'en_US',0,'Receipt for [ORDER.DESC] #[ORDER.ID]','new-order','Hello [USER.NAME],Thanks for buying [ORDER.DESC].\n\nPlease complete the payment here [URL.CHECKOUT]','drrrreams@gmail.com','2015-11-30 20:53:50','email',1),(174,'en_US',0,'Success! Your advertisement `[AD.NAME]` is created on [SITE.NAME]!','ads-confirm','<p>Welcome [USER.NAME],\r\n\r\nThank you for creating an advertisement at [SITE.NAME]! \r\n\r\nPlease click on this link [URL.QL] to confirm it.\r\n\r\nRegards!</p><p><br></p><p>Mike Laird</p><p><span style=\"font-style: italic; font-weight: bold; letter-spacing: 0.1px; line-height: 1.846;\">Founder, 30 Second Ads</span><br></p>','drrrreams@gmail.com','2015-12-22 02:00:04','email',1),(175,'en_US',0,'Your ad [AD.NAME] has expired','ad-expired','<p>Hello [USER.NAME],Your ad [AD.NAME] has expired. &nbsp; Please check your ad here and modify or relist if you wish. [URL.EDITAD]</p><p><br></p><p>Mike Laird</p><p><span style=\"font-weight: bold; font-style: italic;\">Founder, 30 Second Ads</span></p>','drrrreams@gmail.com','2015-12-22 01:57:16','email',1),(176,'en_US',0,'Your ad [AD.NAME] is going to expire','ad-to-expire','<p>Hello [USER.NAME],Your ad [AD.NAME] will expire soon. &nbsp; You can view your ad here [URL.EDITAD]</p><p><br></p><p>Mike Laird</p><p><span style=\"font-style: italic; font-weight: bold; letter-spacing: 0.1px; line-height: 1.846;\">Founder, 30 Second Ads</span><br></p>','drrrreams@gmail.com','2015-12-22 01:58:41','email',1),(177,'en_US',0,'Password Changed [SITE.NAME]','password-changed','Hello [USER.NAME],\n\nYour password has been changed.\n\nThese are now your user details:\nEmail: [USER.EMAIL]\nPassword: [USER.PWD]\n\nWe do not have your original password anymore.\n\nRegards!','drrrreams@gmail.com','2015-11-30 20:53:50','email',1),(178,'en_US',0,'New reply: [TITLE]','messaging-reply','[URL.QL]\n\n[DESCRIPTION]','drrrreams@gmail.com','2015-11-30 20:53:50','email',1),(179,'en_US',0,'[FROM.NAME] sent you a direct message','messaging-user-contact','Hello [TO.NAME],\n\n[FROM.NAME] have a message for you:\n\n[DESCRIPTION]\n\n[URL.QL]\n\nRegards!','drrrreams@gmail.com','2015-11-30 20:53:50','email',1),(180,'en_US',0,'Hello [TO.NAME]!','messaging-ad-contact','You have been contacted regarding your advertisement:\r\n\r\n`[AD.NAME]`. The user [FROM.NAME], has a message for you:\r\n\r\n[DESCRIPTION]\r\n\r\n[URL.QL] Good luck!','drrrreams@gmail.com','2015-12-22 02:01:24','email',1),(181,'en_US',0,'New review for [AD.TITLE] [RATE]','ad-review','[URL.QL]\n\n[RATE]\n\n[DESCRIPTION]','drrrreams@gmail.com','2015-11-30 20:53:50','email',1),(182,'en_US',0,'Advanced-Search','advanced-search','Search For any part you need!',NULL,'2016-01-11 05:32:03','page',1);
/*!40000 ALTER TABLE `oc_content` ENABLE KEYS */;
UNLOCK TABLES;

--
-- Table structure for table `oc_coupons`
--

DROP TABLE IF EXISTS `oc_coupons`;
/*!40101 SET @saved_cs_client     = @@character_set_client */;
/*!40101 SET character_set_client = utf8 */;
CREATE TABLE `oc_coupons` (
  `id_coupon` int(10) unsigned NOT NULL AUTO_INCREMENT,
  `id_product` int(10) unsigned DEFAULT NULL,
  `name` varchar(145) NOT NULL,
  `notes` varchar(245) DEFAULT NULL,
  `discount_amount` decimal(14,3) NOT NULL DEFAULT '0.000',
  `discount_percentage` decimal(14,3) NOT NULL DEFAULT '0.000',
  `number_coupons` int(10) DEFAULT NULL,
  `valid_date` datetime DEFAULT NULL,
  `created` timestamp NOT NULL DEFAULT CURRENT_TIMESTAMP,
  `status` tinyint(1) NOT NULL DEFAULT '0',
  PRIMARY KEY (`id_coupon`),
  UNIQUE KEY `oc_coupons_UK_name` (`name`)
) ENGINE=MyISAM DEFAULT CHARSET=utf8;
/*!40101 SET character_set_client = @saved_cs_client */;

--
-- Dumping data for table `oc_coupons`
--

LOCK TABLES `oc_coupons` WRITE;
/*!40000 ALTER TABLE `oc_coupons` DISABLE KEYS */;
/*!40000 ALTER TABLE `oc_coupons` ENABLE KEYS */;
UNLOCK TABLES;

--
-- Table structure for table `oc_crontab`
--

DROP TABLE IF EXISTS `oc_crontab`;
/*!40101 SET @saved_cs_client     = @@character_set_client */;
/*!40101 SET character_set_client = utf8 */;
CREATE TABLE `oc_crontab` (
  `id_crontab` int(10) unsigned NOT NULL AUTO_INCREMENT,
  `name` varchar(50) NOT NULL,
  `period` varchar(50) NOT NULL,
  `callback` varchar(140) NOT NULL,
  `params` varchar(255) DEFAULT NULL,
  `description` varchar(255) DEFAULT NULL,
  `date_created` timestamp NOT NULL DEFAULT CURRENT_TIMESTAMP,
  `date_started` datetime DEFAULT NULL,
  `date_finished` datetime DEFAULT NULL,
  `date_next` datetime DEFAULT NULL,
  `times_executed` bigint(20) DEFAULT '0',
  `output` varchar(50) DEFAULT NULL,
  `running` tinyint(1) NOT NULL DEFAULT '0',
  `active` tinyint(1) NOT NULL DEFAULT '1',
  PRIMARY KEY (`id_crontab`),
  UNIQUE KEY `oc_crontab_UK_name` (`name`)
) ENGINE=MyISAM AUTO_INCREMENT=8 DEFAULT CHARSET=utf8;
/*!40101 SET character_set_client = @saved_cs_client */;

--
-- Dumping data for table `oc_crontab`
--

LOCK TABLES `oc_crontab` WRITE;
/*!40000 ALTER TABLE `oc_crontab` DISABLE KEYS */;
INSERT INTO `oc_crontab` (`id_crontab`, `name`, `period`, `callback`, `params`, `description`, `date_created`, `date_started`, `date_finished`, `date_next`, `times_executed`, `output`, `running`, `active`) VALUES (1,'Sitemap','0 3 * * *','Sitemap::generate',NULL,'Regenerates the sitemap everyday at 3am','2015-11-30 20:53:50',NULL,NULL,NULL,0,NULL,0,1),(2,'Clean Cache','0 5 * * *','Core::delete_cache',NULL,'Once day force to flush all the cache.','2015-11-30 20:53:50',NULL,NULL,NULL,0,NULL,0,1),(3,'Optimize DB','0 4 1 * *','Core::optimize_db',NULL,'once a month we optimize the DB','2015-11-30 20:53:50',NULL,NULL,NULL,0,NULL,0,1),(4,'Unpaid Orders','0 7 * * *','Cron_Ad::unpaid',NULL,'Notify unpaid orders 2 days after was created','2015-11-30 20:53:50',NULL,NULL,NULL,0,NULL,0,1),(5,'Expired Featured Ad','30 */1 * * *','Cron_Ad::expired_featured',NULL,'Notify by email of expired featured ad','2015-11-30 20:53:50',NULL,NULL,NULL,0,NULL,0,1),(6,'Expired Ad','0 9 * * *','Cron_Ad::expired',NULL,'Notify by email of expired ad','2015-11-30 20:53:50',NULL,NULL,NULL,0,NULL,0,1),(7,'About to Expire Ad','05 9 * * *','Cron_Ad::to_expire',NULL,'Notify by email your ad is about to expire','2015-11-30 20:53:50',NULL,NULL,NULL,0,NULL,0,1);
/*!40000 ALTER TABLE `oc_crontab` ENABLE KEYS */;
UNLOCK TABLES;

--
-- Table structure for table `oc_favorites`
--

DROP TABLE IF EXISTS `oc_favorites`;
/*!40101 SET @saved_cs_client     = @@character_set_client */;
/*!40101 SET character_set_client = utf8 */;
CREATE TABLE `oc_favorites` (
  `id_favorite` int(10) unsigned NOT NULL AUTO_INCREMENT,
  `id_user` int(10) unsigned NOT NULL,
  `id_ad` int(10) unsigned NOT NULL,
  `created` timestamp NOT NULL DEFAULT CURRENT_TIMESTAMP,
  PRIMARY KEY (`id_favorite`) USING BTREE,
  KEY `oc_favorites_IK_id_user_AND_id_ad` (`id_user`,`id_ad`)
) ENGINE=MyISAM AUTO_INCREMENT=5 DEFAULT CHARSET=utf8;
/*!40101 SET character_set_client = @saved_cs_client */;

--
-- Dumping data for table `oc_favorites`
--

LOCK TABLES `oc_favorites` WRITE;
/*!40000 ALTER TABLE `oc_favorites` DISABLE KEYS */;
/*!40000 ALTER TABLE `oc_favorites` ENABLE KEYS */;
UNLOCK TABLES;

--
-- Table structure for table `oc_forums`
--

DROP TABLE IF EXISTS `oc_forums`;
/*!40101 SET @saved_cs_client     = @@character_set_client */;
/*!40101 SET character_set_client = utf8 */;
CREATE TABLE `oc_forums` (
  `id_forum` int(10) unsigned NOT NULL AUTO_INCREMENT,
  `name` varchar(145) NOT NULL,
  `order` int(2) unsigned NOT NULL DEFAULT '0',
  `created` timestamp NOT NULL DEFAULT CURRENT_TIMESTAMP ON UPDATE CURRENT_TIMESTAMP,
  `id_forum_parent` int(10) unsigned NOT NULL DEFAULT '0',
  `parent_deep` int(2) unsigned NOT NULL DEFAULT '0',
  `seoname` varchar(145) NOT NULL,
  `description` varchar(255) DEFAULT NULL,
  PRIMARY KEY (`id_forum`) USING BTREE,
  UNIQUE KEY `oc_forums_IK_seo_name` (`seoname`)
) ENGINE=MyISAM DEFAULT CHARSET=utf8;
/*!40101 SET character_set_client = @saved_cs_client */;

--
-- Dumping data for table `oc_forums`
--

LOCK TABLES `oc_forums` WRITE;
/*!40000 ALTER TABLE `oc_forums` DISABLE KEYS */;
/*!40000 ALTER TABLE `oc_forums` ENABLE KEYS */;
UNLOCK TABLES;

--
-- Table structure for table `oc_locations`
--

DROP TABLE IF EXISTS `oc_locations`;
/*!40101 SET @saved_cs_client     = @@character_set_client */;
/*!40101 SET character_set_client = utf8 */;
CREATE TABLE `oc_locations` (
  `id_location` int(10) unsigned NOT NULL AUTO_INCREMENT,
  `name` varchar(64) NOT NULL,
  `order` int(2) unsigned NOT NULL DEFAULT '0',
  `id_location_parent` int(10) unsigned NOT NULL DEFAULT '0',
  `parent_deep` int(2) unsigned NOT NULL DEFAULT '0',
  `seoname` varchar(145) NOT NULL,
  `description` text,
  `last_modified` datetime DEFAULT NULL,
  `has_image` tinyint(1) NOT NULL DEFAULT '0',
  `latitude` float(10,6) DEFAULT NULL,
  `longitude` float(10,6) DEFAULT NULL,
  PRIMARY KEY (`id_location`),
  UNIQUE KEY `oc_loations_UK_seoname` (`seoname`)
) ENGINE=InnoDB AUTO_INCREMENT=4297 DEFAULT CHARSET=utf8;
/*!40101 SET character_set_client = @saved_cs_client */;

--
-- Dumping data for table `oc_locations`
--

LOCK TABLES `oc_locations` WRITE;
/*!40000 ALTER TABLE `oc_locations` DISABLE KEYS */;
INSERT INTO `oc_locations` (`id_location`, `name`, `order`, `id_location_parent`, `parent_deep`, `seoname`, `description`, `last_modified`, `has_image`, `latitude`, `longitude`) VALUES (1,'Home location',0,0,0,'all','root location',NULL,0,NULL,NULL),(4245,'Alabama',1,1,0,'alabama',NULL,NULL,0,32.750408,-86.750259),(4246,'Alaska',2,1,0,'alaska',NULL,NULL,0,64.000282,-150.000275),(4247,'Arizona',3,1,0,'arizona',NULL,NULL,0,34.500301,-111.500977),(4248,'Arkansas',4,1,0,'arkansas',NULL,NULL,0,34.750370,-92.500443),(4249,'California',0,1,0,'california',NULL,NULL,0,37.250221,-119.751259),(4250,'Colorado',5,1,0,'colorado',NULL,NULL,0,39.000271,-105.500832),(4251,'Connecticut',6,1,0,'connecticut',NULL,NULL,0,41.667042,-72.666481),(4252,'Delaware',7,1,0,'delaware',NULL,NULL,0,39.000389,-75.499924),(4253,'Florida',8,1,0,'florida',NULL,NULL,0,28.750540,-82.500099),(4254,'Georgia',9,1,0,'georgia',NULL,NULL,0,32.750420,-83.500183),(4255,'Hawaii',10,1,0,'hawaii',NULL,NULL,0,20.750280,-156.500275),(4256,'Idaho',11,1,0,'idaho',NULL,NULL,0,44.500198,-114.251183),(4257,'Illinois',12,1,0,'illinois',NULL,NULL,0,40.000320,-89.250366),(4258,'Indiana',13,1,0,'indiana',NULL,NULL,0,40.000320,-86.250267),(4259,'Iowa',14,1,0,'iowa',NULL,NULL,0,42.000271,-93.500488),(4260,'Kansas',15,1,0,'kansas',NULL,NULL,0,38.500290,-98.500633),(4261,'Kentucky',16,1,0,'kentucky',NULL,NULL,0,38.200420,-84.877617),(4262,'Louisiana',17,1,0,'louisiana',NULL,NULL,0,31.000469,-92.000397),(4263,'Maine',18,1,0,'maine',NULL,NULL,0,45.500320,-69.249771),(4264,'Maryland',19,1,0,'maryland',NULL,NULL,0,39.000389,-76.749969),(4265,'Massachusetts',20,1,0,'massachusetts',NULL,NULL,0,42.365650,-71.108322),(4266,'Michigan',21,1,0,'michigan',NULL,NULL,0,44.250290,-85.500328),(4267,'Minnesota',22,1,0,'minnesota',NULL,NULL,0,46.250240,-94.250549),(4268,'Mississippi',23,1,0,'mississippi',NULL,NULL,0,32.750408,-89.750359),(4269,'Missouri',24,1,0,'missouri',NULL,NULL,0,38.250309,-92.500458),(4270,'Montana',25,1,0,'montana',NULL,NULL,0,47.000252,-109.751022),(4271,'Nebraska',26,1,0,'nebraska',NULL,NULL,0,41.500278,-99.750671),(4272,'Nevada',27,1,0,'nevada',NULL,NULL,0,39.250210,-116.751190),(4273,'New Hampshire',28,1,0,'new-hampshire',NULL,NULL,0,43.667019,-71.499802),(4274,'New Jersey',29,1,0,'new-jersey',NULL,NULL,0,40.167061,-74.499870),(4275,'New Mexico',30,1,0,'new-mexico',NULL,NULL,0,34.500340,-106.000847),(4276,'New York',31,1,0,'new-york',NULL,NULL,0,43.000351,-75.499901),(4277,'North Carolina',32,1,0,'north-carolina',NULL,NULL,0,35.500690,-80.000320),(4278,'North Dakota',33,1,0,'north-dakota',NULL,NULL,0,47.500271,-100.000679),(4279,'Ohio',34,1,0,'ohio',NULL,NULL,0,40.250340,-83.000183),(4280,'Oklahoma',35,1,0,'oklahoma',NULL,NULL,0,35.492088,-97.503281),(4281,'Oregon',36,1,0,'oregon',NULL,NULL,0,44.000130,-120.501389),(4282,'Pennsylvania',37,1,0,'pennsylvania',NULL,NULL,0,40.272449,-76.905670),(4283,'Rhode Island',38,1,0,'rhode-island',NULL,NULL,0,41.750381,-71.499779),(4284,'South Carolina',39,1,0,'south-carolina',NULL,NULL,0,34.000431,-81.000092),(4285,'South Dakota',40,1,0,'south-dakota',NULL,NULL,0,44.500259,-100.250687),(4286,'Tennessee',41,1,0,'tennessee',NULL,NULL,0,35.750351,-86.250267),(4287,'Texas',42,1,0,'texas',NULL,NULL,0,31.250441,-99.250610),(4288,'Utah',43,1,0,'utah',NULL,NULL,0,39.250240,-111.751030),(4289,'Vermont',44,1,0,'vermont',NULL,NULL,0,44.000340,-72.749832),(4290,'Virginia',45,1,0,'virginia',NULL,NULL,0,37.548119,-77.446747),(4291,'Wake Island',46,1,0,'wake-island',NULL,NULL,0,19.300051,166.622696),(4292,'Washington',47,1,0,'washington',NULL,NULL,0,47.500118,-120.501472),(4293,'Washington, D.C.',48,1,0,'washington-d-c',NULL,NULL,0,38.917061,-77.000252),(4294,'West Virginia',49,1,0,'west-virginia',NULL,NULL,0,38.500381,-80.500092),(4295,'Wisconsin',50,1,0,'wisconsin',NULL,NULL,0,44.500240,-90.000412),(4296,'Wyoming',51,1,0,'wyoming',NULL,NULL,0,43.000240,-107.500900);
/*!40000 ALTER TABLE `oc_locations` ENABLE KEYS */;
UNLOCK TABLES;

--
-- Table structure for table `oc_messages`
--

DROP TABLE IF EXISTS `oc_messages`;
/*!40101 SET @saved_cs_client     = @@character_set_client */;
/*!40101 SET character_set_client = utf8 */;
CREATE TABLE `oc_messages` (
  `id_message` int(10) unsigned NOT NULL AUTO_INCREMENT,
  `id_ad` int(10) unsigned DEFAULT NULL,
  `id_message_parent` int(10) unsigned DEFAULT NULL,
  `id_user_from` int(10) unsigned NOT NULL,
  `id_user_to` int(10) unsigned NOT NULL,
  `message` text NOT NULL,
  `price` decimal(14,3) NOT NULL DEFAULT '0.000',
  `read_date` datetime DEFAULT NULL,
  `created` timestamp NOT NULL DEFAULT CURRENT_TIMESTAMP,
  `status_to` tinyint(1) NOT NULL DEFAULT '0',
  `status_from` tinyint(1) NOT NULL DEFAULT '0',
  PRIMARY KEY (`id_message`) USING BTREE
) ENGINE=MyISAM AUTO_INCREMENT=7 DEFAULT CHARSET=utf8;
/*!40101 SET character_set_client = @saved_cs_client */;

--
-- Dumping data for table `oc_messages`
--

LOCK TABLES `oc_messages` WRITE;
/*!40000 ALTER TABLE `oc_messages` DISABLE KEYS */;
INSERT INTO `oc_messages` (`id_message`, `id_ad`, `id_message_parent`, `id_user_from`, `id_user_to`, `message`, `price`, `read_date`, `created`, `status_to`, `status_from`) VALUES (1,NULL,1,1,2,'JIM I WANT THE TRANSMISSION NOW PLEASE CALL ME 310 689 8853',3000.000,'2015-12-04 18:24:43','2015-12-03 02:36:39',1,0),(2,NULL,2,3,1,'hi',0.000,'2015-12-03 20:39:40','2015-12-03 22:54:25',1,0),(3,NULL,1,2,1,'OK!',0.000,'2015-12-04 19:34:00','2015-12-04 23:24:51',1,0),(4,NULL,4,4,2,'Lorem ipsum dolor sit amet, consectetur adipiscing elit. Morbi ex eros, hendrerit non mi vel, commodo imperdiet nisl. In quis tellus dapibus, ullamcorper nunc sit amet, eleifend turpis. Etiam ex lectus, volutpat vitae nulla quis, efficitur consectetur nibh. Praesent sed risus consectetur, tincidunt dui ut, rutrum magna. Donec in ultricies odio. Nam odio mi, malesuada vel justo mollis, semper bibendum lectus. Ut blandit eleifend orci eleifend sodales. Nunc pulvinar elit sed urna dignissim suscipit. Aliquam egestas vel odio a vestibulum. In eu venenatis augue, sed imperdiet ipsum. Morbi placerat facilisis cursus. Suspendisse est tellus, volutpat a purus vitae, vestibulum pulvinar elit. Proin nec pretium eros. Phasellus velit enim, ultricies id felis ac, varius pulvinar mi. Vivamus vel est ultrices, commodo ex quis, consectetur sapien. Sed molestie urna neque, imperdiet dignissim nulla porta a.\n\nSuspendisse quis fringilla ligula. Ut lacinia, leo ac sagittis dictum, tellus dolor euismod sem, mollis pharetra lacus risus id lacus. Sed est turpis, pulvinar ac nisi quis, tincidunt hendrerit diam. Quisque consectetur ipsum sed urna consectetur interdum in quis risus. Maecenas condimentum malesuada suscipit. Duis consequat, massa vel efficitur pellentesque, risus felis suscipit massa, id luctus quam neque sed magna. Praesent et porta eros. Cras nec ipsum nulla. Vivamus a placerat turpis. Nunc pulvinar ante ac nulla iaculis, quis convallis est porta. Sed a varius magna. Phasellus faucibus eros sit amet volutpat blandit. Nam lobortis lacinia eros, nec euismod mi maximus vel. Suspendisse id ligula aliquet, pellentesque mi id, gravida odio. Mauris volutpat maximus massa, id ullamcorper nunc pretium eget.\n\nAenean volutpat turpis quis dolor molestie, a facilisis ante vestibulum. Praesent ligula erat, pretium id vehicula vitae, laoreet at quam. Donec tortor mi, consectetur ut ligula ac, vehicula facilisis nunc. Curabitur eleifend est ac libero sodales ullamcorper. Aliquam interdum tempor felis, at accumsan magna malesuada sed. Nunc eros urna, ornare sit amet placerat at, feugiat quis lorem. Suspendisse pharetra odio neque, id condimentum metus pretium sit amet. Vestibulum vitae sem velit. Mauris accumsan in ligula vel tempor. Nullam ornare sapien nunc, id molestie erat blandit at. Nunc pharetra bibendum lectus, vitae vestibulum mauris vulputate vel.\n\nPellentesque sed elit sed lacus efficitur feugiat vel nec ipsum. In dictum magna non ligula tempus, non pellentesque dolor maximus. Nullam vehicula ultrices ipsum, eget imperdiet nulla viverra sit amet. Duis hendrerit quam justo, ut suscipit neque suscipit quis. Pellentesque auctor tincidunt sapien non euismod. Ut rhoncus aliquet mi, sed ultrices neque finibus vitae. Suspendisse potenti. Curabitur nisi mauris, condimentum ac enim non, euismod ultrices diam. Vestibulum a nisi nulla. Cras tempus erat metus, nec malesuada ex venenatis tincidunt.\n\nEtiam euismod consequat placerat. Curabitur convallis a dolor et interdum. Donec sit amet posuere nulla. Sed sagittis iaculis quam nec euismod. In quis tempus lacus. Praesent vitae turpis lacus. Integer quam nisi, imperdiet vitae congue in, hendrerit a odio. Ut scelerisque risus finibus hendrerit aliquet. Quisque quis velit non odio dignissim accumsan. Ut sit amet molestie nulla, eu varius eros. Integer lacinia neque in augue hendrerit, in facilisis eros dignissim. Ut feugiat semper pellentesque. Aliquam interdum velit a quam tempor mattis. Sed leo nisi, vestibulum vel ultrices at, malesuada non mi. Vestibulum laoreet ornare aliquet. In hac habitasse platea dictumst.\n\nAenean lacus augue, bibendum id orci vitae, tempus congue metus. Integer justo metus, cursus non cursus in, lobortis quis ipsum. Vivamus eget sem sem. Sed dictum tortor a posuere pulvinar. Vivamus ante felis, pretium non tortor vitae, faucibus tincidunt lectus. Vestibulum molestie ex nulla, ut faucibus justo porta nec. Pellentesque purus nulla, feugiat ut facilisis eu, accumsan ut purus.\n\nNullam tincidunt facilisis nulla eu consequat. Aliquam vulputate sem quis venenatis blandit. Cum sociis natoque penatibus et magnis dis parturient montes, nascetur ridiculus mus. Proin ut mollis est. Aenean commodo turpis quis justo scelerisque, quis molestie elit sodales. Phasellus tortor dolor, convallis a semper id, volutpat sit amet ante. Fusce rhoncus orci non molestie rhoncus. Vivamus lobortis lacus dui, in tincidunt turpis malesuada quis. Aenean dolor ex, placerat sed ullamcorper et, lobortis eget sapien. Fusce posuere faucibus est vitae bibendum. Maecenas non rutrum sem. Etiam tincidunt tincidunt nisl ut ultrices.\n\nDonec vel ante tempor, auctor enim et, imperdiet ligula. Vivamus porttitor turpis arcu, ut gravida magna finibus et. Nam rutrum odio et ex accumsan, nec viverra dolor varius. Cras eu nunc felis. Phasellus laoreet lacinia ipsum, nec congue mi cursus cursus. Mauris sed lectus et massa sollicitudin aliquet. Pellentesque finibus lacinia elementum. Aliquam erat volutpat. Aenean dapibus consequat volutpat. Fusce lacinia vel velit vel eleifend. Nulla vitae neque diam.\n\nCurabitur aliquam mi quis orci consequat, ultricies luctus tortor commodo. Vivamus vitae consequat sem. Pellentesque a semper nunc. Suspendisse sollicitudin velit odio, ac dapibus dolor egestas at. In vel mattis ex, ac egestas quam. Phasellus laoreet orci in mi pharetra rutrum. Aenean quam diam, tempus vel accumsan ac, malesuada vel urna. Etiam id metus nec est sollicitudin accumsan sit amet ut orci. Nunc non massa imperdiet, ultrices risus non, tristique neque. Etiam tempor quam vitae nibh finibus, sed mollis ex dapibus. Maecenas dolor erat, facilisis hendrerit nibh non, volutpat euismod tellus. Quisque vel malesuada turpis, mollis lacinia orci.\n\nIn quis aliquet arcu. Curabitur tempor odio in rhoncus dignissim. Aenean pretium nibh eget felis rhoncus, ut molestie metus vehicula. Aliquam sit amet eros efficitur, laoreet massa vitae, efficitur magna. Integer quis est et turpis pellentesque commodo ac in arcu. Sed tempus urna et lacinia pharetra. Etiam egestas nisi tortor, vel euismod ligula aliquam non. Vivamus rutrum felis diam, at tempor metus iaculis consequat. Integer at arcu non augue porttitor finibus. Cras ac elit velit. Integer ac mollis lectus. Etiam eu sapien pretium, maximus sem non, viverra metus. Praesent pretium est sed sapien aliquam egestas. Suspendisse congue eu sem et vulputate. Morbi sed tellus eget tellus dictum elementum vel eget ante.\n\nSuspendisse potenti. Aenean mattis ipsum in magna condimentum, nec mollis mauris ornare. Curabitur sapien ipsum, maximus vitae aliquet vitae, gravida eu augue. Aenean imperdiet ultrices congue. Nunc vestibulum est sed nisl suscipit, condimentum rhoncus ipsum pulvinar. Maecenas sit amet dignissim nisl. Nunc risus nisl, consectetur at justo aliquet, fermentum semper velit. Maecenas sed molestie ante. In hac habitasse platea dictumst. Ut volutpat odio leo, et tempor ante luctus eu. Pellentesque porttitor eros nisl, nec venenatis enim maximus vitae. Mauris pharetra vestibulum ultrices. Aenean a aliquet dui. In mi erat, viverra a bibendum eu, sollicitudin in ante.\n\nNulla eleifend, erat in pulvinar pharetra, turpis diam ullamcorper orci, rutrum posuere ante nisl sed velit. Proin placerat, elit in scelerisque commodo, magna quam finibus quam, in feugiat libero augue at orci. Praesent at fringilla nisi, in pretium nulla. Proin sit amet molestie nulla. Etiam sed neque elit. Fusce quis sem id purus lacinia vehicula. Ut dui eros, bibendum nec eros ut, elementum consequat metus. Fusce lacinia suscipit arcu, a ullamcorper dui vulputate nec. Suspendisse iaculis egestas enim, eu ullamcorper tortor ultricies quis. Vivamus ornare, nisl a gravida placerat, ex massa porttitor dui, a elementum ante neque sed augue. Fusce dignissim risus in ex consectetur vehicula. Fusce facilisis sed tortor sit amet bibendum.\n\nPellentesque venenatis nisi ante, id commodo est vulputate vitae. Duis congue dui non eros ultricies fringilla. Vivamus ante odio, ultrices sit amet vulputate id, sollicitudin sagittis massa. Mauris ut purus quis enim maximus vestibulum eget vel lacus. Donec eu ex consectetur, fringilla nunc luctus, gravida arcu. Suspendisse ullamcorper nisl ut lacus tristique, vitae sagittis lectus accumsan. Pellentesque habitant morbi tristique senectus et netus et malesuada fames ac turpis egestas. Lorem ipsum dolor sit amet, consectetur adipiscing elit. Proin ullamcorper tellus et sapien mollis vulputate. In vel lobortis lectus. Cras pharetra nisi sed dui viverra auctor.\n\nInteger non interdum augue. Nunc aliquet nisl quis lorem iaculis, eget rhoncus dolor condimentum. Nam rhoncus dignissim turpis, non faucibus nisl auctor ut. Vestibulum vehicula diam at neque imperdiet, at sollicitudin mauris euismod. Nullam lectus velit, interdum ac maximus at, tincidunt at felis. Nam lacinia arcu at odio placerat suscipit. Cum sociis natoque penatibus et magnis dis parturient montes, nascetur ridiculus mus.\n\nAliquam maximus sem id felis rhoncus posuere. Curabitur ultrices commodo mi, eget porttitor lectus condimentum vitae. Donec ut mauris vel nunc cursus dignissim at ut orci. Suspendisse accumsan condimentum dolor in condimentum. Etiam nec arcu quam. Vivamus porttitor fermentum quam, non ultricies ligula efficitur a. Nunc vel ligula at lorem venenatis tincidunt. In sit amet lorem mollis eros bibendum finibus eget maximus tortor. Maecenas ut est urna. Duis faucibus tincidunt felis, id auctor turpis consequat a.\n\nProin in blandit orci. Nullam eget lectus ac enim ullamcorper cursus. Nunc dignissim quam sollicitudin iaculis hendrerit. Aliquam velit nisl, lacinia at dapibus sed, laoreet quis urna. Aenean pretium placerat nibh et fringilla. In hac habitasse platea dictumst. Quisque quis suscipit metus. Donec elit lorem, condimentum vel urna at, consectetur tempor urna. Suspendisse malesuada aliquam ligula quis tincidunt. Maecenas vitae ante semper, mollis lorem nec, consectetur tortor. Nam sit amet metus sed urna pharetra scelerisque. Vivamus vel leo vulputate, ornare urna sed, pretium nunc. Etiam gravida est sit amet ultrices pretium. Vivamus vehicula ut neque nec dapibus.\n\nAliquam risus justo, gravida quis ex dictum, ultricies molestie sem. Vestibulum vel urna molestie odio imperdiet dictum. Cum sociis natoque penatibus et magnis dis parturient montes, nascetur ridiculus mus. Mauris sagittis finibus faucibus. Donec malesuada dolor sed sapien ullamcorper tristique. Suspendisse non maximus eros, ac imperdiet tellus. Sed malesuada egestas eros, a lobortis ex dapibus vel. Cras nisl dolor, rutrum sed arcu sit amet, auctor imperdiet nulla. Nulla sed laoreet tellus, eget sodales tellus. Praesent nec lectus odio. Aenean blandit ipsum ligula, sit amet venenatis libero convallis vel. Aliquam aliquet justo nulla, sed ultricies tortor dignissim nec. In suscipit, metus eu sollicitudin pharetra, turpis ante viverra nunc, et accumsan ex augue in justo. Pellentesque ante justo, vulputate a nunc quis, vestibulum tristique justo. Morbi accumsan suscipit ligula.\n\nSed vel fermentum leo, at porta purus. Integer euismod felis sit amet arcu viverra, ac rutrum velit pretium. Aenean vitae blandit leo. Donec eleifend dignissim neque quis viverra. Vivamus finibus pretium lorem, quis iaculis leo. Nulla ultrices sem libero, at tincidunt diam maximus at. In convallis maximus diam vel suscipit. Donec blandit laoreet risus a blandit. Aenean gravida blandit dictum. Etiam quis magna magna. Sed vel augue nisl. Donec vulputate leo a odio interdum semper.\n\nMorbi nec viverra tortor, ut egestas purus. Maecenas ut massa non mauris sodales malesuada. Aliquam erat volutpat. Curabitur dictum, ipsum id suscipit lacinia, nulla orci venenatis velit, quis sodales ligula metus eget libero. Morbi scelerisque lobortis neque, non tempor neque aliquam ut. Sed sit amet enim metus. Nulla eu fermentum diam. Nulla facilisi.\n\nAliquam eu massa quis nunc tempor euismod. Nullam bibendum semper fermentum. Aenean in est eget erat faucibus vehicula. Nulla non arcu eu quam feugiat commodo. Praesent diam tellus, elementum eget dictum sed, interdum sit amet velit. Nunc lacinia sem id volutpat euismod. Sed nec risus sem. Aenean ac est a nibh ultrices condimentum. Maecenas hendrerit semper hendrerit. Integer ut libero nunc.\n\nUt vestibulum erat dignissim, sodales dolor sed, volutpat justo. Curabitur aliquam ipsum in enim commodo malesuada. Vestibulum velit nulla, maximus vitae pretium at, vestibulum ut lacus. Morbi molestie leo ut orci viverra porta. Fusce vel ullamcorper est, et pharetra metus. In hac habitasse platea dictumst. Vestibulum vitae tincidunt tellus. Class aptent taciti sociosqu ad litora torquent per conubia nostra, per inceptos himenaeos. Phasellus eros nisl, facilisis non mollis quis, imperdiet volutpat purus. Fusce feugiat est sem, facilisis mattis tortor aliquet non. Sed id dolor sit amet urna volutpat lobortis a nec eros. Quisque velit ex, laoreet sit amet luctus sed, fermentum et mauris. Donec fermentum vestibulum felis non fringilla. Pellentesque placerat viverra luctus. Nullam interdum ex eu iaculis feugiat. Phasellus accumsan neque lobortis, dignissim sapien ac, egestas nisi.\n\nQuisque ornare at dui at eleifend. Sed quis diam lorem. Cras a egestas quam. Etiam commodo aliquet erat vel commodo. Vivamus hendrerit luctus tellus, in varius neque volutpat nec. Aliquam a nisl iaculis, finibus quam eget, aliquet ligula. Ut tincidunt leo sed ante scelerisque commodo. Aenean id elit bibendum, gravida odio in, posuere nulla. Praesent faucibus velit magna, sit amet hendrerit dolor facilisis et. Curabitur orci nulla, vulputate vitae magna consectetur, auctor tincidunt sem. In dapibus eu tortor eget tempor. Proin purus nibh, luctus sit amet ligula in, laoreet rhoncus erat. Interdum et malesuada fames ac ante ipsum primis in faucibus. Nunc gravida ac sapien et suscipit. Etiam eget ultricies diam. Vestibulum bibendum, lacus sit amet lacinia ornare, elit urna rhoncus sapien, vitae dignissim diam mauris quis magna.\n\nVestibulum ante ipsum primis in faucibus orci luctus et ultrices posuere cubilia Curae; Nulla convallis pulvinar cursus. Vestibulum ante ipsum primis in faucibus orci luctus et ultrices posuere cubilia Curae; Vestibulum porttitor ornare aliquam. Morbi vitae cursus arcu, vel porttitor elit. Fusce cursus id tortor sit amet fringilla. In placerat congue massa vel faucibus.\n\nNulla volutpat diam lectus, non dapibus neque ornare luctus. Nulla finibus tellus vitae lacus auctor dignissim. Nam massa velit, convallis et tempus a, malesuada ac erat. Fusce eget libero augue. Nullam cursus orci at iaculis commodo. Maecenas diam lectus, semper sit amet varius vestibulum, blandit vel arcu. Cras cursus lectus augue, vel commodo ipsum pulvinar et. Morbi blandit orci vitae tortor lacinia, et convallis felis iaculis. Vestibulum ante ipsum primis in faucibus orci luctus et ultrices posuere cubilia Curae; Interdum et malesuada fames ac ante ipsum primis in faucibus. Nunc tristique lorem non iaculis vestibulum. Nulla molestie diam id auctor consectetur. Donec malesuada interdum pulvinar.\n\nUt ultricies eros velit, quis finibus tortor pellentesque sed. Etiam in fringilla felis. Mauris semper dignissim dui dictum aliquam. Quisque tellus diam, condimentum euismod consectetur sed, tincidunt vel sapien. Suspendisse id diam eget massa maximus pellentesque at nec nunc. Donec maximus nunc sed elit maximus viverra. Aenean luctus, nunc vitae tincidunt feugiat, mi nisl ultrices dolor, vitae bibendum ipsum lorem ut lacus.\n\nProin ultrices dui a mi euismod sagittis. Quisque vel dui nibh. Cras sapien metus, dignissim nec mauris ultricies, lacinia fermentum nibh. Maecenas vitae vulputate dolor. Praesent quis magna purus. Nullam finibus ipsum urna, eget luctus purus cursus pulvinar. Aenean imperdiet tempor urna, nec vestibulum nunc. Aenean sed ultricies tortor.\n\nSed at neque vel dui lobortis sodales vitae vel justo. Integer aliquet nisl ex, non varius ante cursus condimentum. Sed in nisl enim. Pellentesque semper tortor et tortor viverra, id fermentum eros facilisis. Proin convallis enim at leo dapibus malesuada. Duis tristique vehicula lacus et dignissim. Maecenas placerat ex id pulvinar elementum. Donec rhoncus dolor commodo, efficitur eros in, iaculis est. Nulla facilisi. Mauris tincidunt mi et tristique efficitur. Lorem ipsum dolor sit amet, consectetur adipiscing elit. Sed risus dui, malesuada ut purus sit amet, congue pellentesque orci. Duis vel augue eu purus varius dictum rutrum gravida metus. Nullam mattis magna sit amet aliquet semper. Ut euismod arcu eu libero eleifend bibendum.\n\nDuis fermentum nunc quis leo malesuada, non tincidunt nibh eleifend. Etiam ut nisl efficitur, elementum erat quis, pharetra leo. Donec nec vestibulum justo. Integer sit amet mi finibus, interdum lectus eu, dictum urna. Proin vulputate dapibus justo ut mollis. Mauris porta leo elit, convallis pellentesque nisl euismod non. Nam eget massa elit. Donec aliquet, purus nec viverra mollis, nulla dolor sodales mauris, quis placerat risus urna at nisl. Vestibulum ut orci non est efficitur faucibus a et nibh. Etiam molestie pretium ante ac tincidunt. Vestibulum lacus neque, iaculis non purus quis, pulvinar tempor ipsum. Vestibulum lobortis ex et libero hendrerit suscipit. Quisque eu lorem nisi. Quisque ac pharetra orci.\n\nDonec cursus sit amet leo at euismod. Vestibulum id vulputate nibh, at gravida tortor. Quisque eget orci lacinia, faucibus urna in, mattis libero. Nunc turpis justo, pretium a posuere at, vehicula dapibus enim. Vivamus at posuere urna, eu rhoncus nisi. Pellentesque varius tempor ipsum vitae facilisis. Etiam a ligula eu lectus blandit scelerisque. Suspendisse sed pellentesque odio. Aenean molestie ac mauris eu tincidunt. Donec sit amet tellus nisl. In semper, nunc a porttitor placerat, lorem risus pellentesque ante, convallis rutrum odio arcu id arcu. Integer bibendum velit diam, nec eleifend purus molestie molestie. Aliquam volutpat ante quis hendrerit placerat.\n\nCurabitur eget purus elementum, ornare augue vitae, sagittis mi. Integer ullamcorper cursus neque, vel malesuada augue rutrum vitae. Pellentesque condimentum condimentum tortor vel cursus. Aliquam ornare, nisi ac vehicula mattis, ligula nulla fringilla dui, vitae hendrerit felis magna eget dolor. Nullam aliquam imperdiet arcu. Class aptent taciti sociosqu ad litora torquent per conubia nostra, per inceptos himenaeos. Vestibulum quis ligula augue.\n\nMorbi eget sem id libero volutpat dapibus pretium id mi. Nulla facilisis erat et turpis ultrices tempor. Pellentesque in quam iaculis, aliquam arcu in, mollis orci. Phasellus fringilla, felis sit amet viverra tempor, sem lacus molestie purus, sed dapibus felis tortor quis lacus. Aenean at enim viverra, porta dui sit amet, euismod tellus. Phasellus eget fringilla dolor, eget consequat magna. Class aptent taciti sociosqu ad litora torquent per conubia nostra, per inceptos himenaeos. Donec mollis faucibus ligula ut luctus. Quisque commodo, enim a dictum gravida, augue arcu suscipit turpis, convallis mollis lorem metus vel leo. Nunc leo dui, aliquam et lorem vitae, fringilla placerat quam. Morbi elit diam, vehicula ac tristique id, ultricies sed purus. Integer ultrices blandit euismod. Mauris et imperdiet quam, non placerat mi.\n\nMaecenas id dignissim odio. Interdum et malesuada fames ac ante ipsum primis in faucibus. Mauris sit amet cursus tellus. Nulla eros elit, elementum id feugiat ut, feugiat nec risus. Nulla nec ligula nisi. Aliquam lectus diam, elementum sed laoreet eu, blandit maximus nisl. Praesent ultrices vitae dolor quis luctus. Vivamus cursus sollicitudin orci, non vulputate orci posuere convallis.\n\nAliquam egestas ultricies nulla, vitae accumsan lorem posuere sit amet. Praesent eleifend, nunc at pretium porttitor, ante purus porttitor nulla, ut tincidunt magna libero eu quam. Pellentesque in efficitur ligula. Etiam vehicula metus eros, nec tempus est interdum ac. Quisque vestibulum erat eros, eget efficitur massa pretium ut. Cras tincidunt odio eget dui aliquam imperdiet. Donec libero augue, pulvinar sed dolor in, sollicitudin laoreet enim. Curabitur laoreet maximus erat sit amet iaculis. Vestibulum id lobortis urna, a suscipit felis. Integer tempus vestibulum lacinia. Fusce lacus est, ornare vehicula condimentum sed, iaculis in quam. Suspendisse maximus at turpis quis lobortis. Proin non tortor dictum, sollicitudin lectus non, efficitur lacus. Mauris vitae egestas tortor, eget placerat lacus. Vivamus viverra ante velit, ut euismod sapien viverra vitae. Duis semper pharetra placerat.\n\nQuisque porttitor pulvinar fermentum. Aenean non pharetra arcu. Praesent convallis lobortis arcu ac pulvinar. Etiam ut ex sed mauris lobortis egestas. Morbi efficitur sem sed pharetra pellentesque. Ut orci enim, vulputate ac efficitur et, sollicitudin sit amet metus. Ut purus nibh, finibus quis placerat eu, egestas quis enim. Donec rhoncus efficitur magna, eget bibendum est pulvinar vitae. Nunc ut tortor varius, rutrum ante sit amet, interdum tellus. Cras non dui felis. Integer id mi et nisl blandit ultricies. Morbi mollis ante faucibus, sagittis purus tempus, facilisis dolor. Maecenas ut nisi vitae felis aliquet molestie sed vel ipsum. Pellentesque habitant morbi tristique senectus et netus et malesuada fames ac turpis egestas. Nulla consectetur velit eu arcu laoreet scelerisque.\n\nSuspendisse eget convallis neque. Mauris volutpat metus sed rhoncus congue. Etiam ac augue mi. Curabitur imperdiet tellus ut felis consectetur consequat. Pellentesque at diam eu erat consequat elementum. Vivamus non molestie diam, vitae tincidunt orci. Donec at massa iaculis, placerat enim vitae, iaculis tortor. Aliquam id libero nisl. Suspendisse varius eros massa, quis cursus lorem consectetur ac. Etiam suscipit nunc at erat scelerisque, at rutrum ante tincidunt.\n\nSed semper magna lectus, nec scelerisque sem viverra et. Nunc nunc ipsum, laoreet sed varius sit amet, volutpat id quam. Vivamus fermentum elit ac imperdiet ullamcorper. Duis vitae justo pulvinar, congue leo non, ultricies ante. Donec euismod ultricies enim, eget porttitor justo tristique at. In faucibus libero a sem porta, sit amet sodales eros tempor. Cras congue dolor a venenatis pellentesque. Lorem ipsum dolor sit amet, consectetur adipiscing elit. Aliquam porttitor eleifend nisi, ac elementum nunc. Fusce varius vel lacus quis pulvinar. Aenean id dui velit. Vivamus luctus eros elit, sed laoreet velit bibendum ac. Nullam eu nisi vel ante dignissim lacinia. Pellentesque dui mauris, congue vel pulvinar id, vestibulum eu neque. Aenean tempus ligula et dapibus varius.\n\nPhasellus gravida urna tortor, id consequat nisl semper non. Quisque ligula tortor, feugiat a scelerisque vel, congue eget risus. Pellentesque fringilla nibh eleifend scelerisque tincidunt. Mauris semper, felis non accumsan blandit, ante leo efficitur elit, sed posuere felis lectus sed felis. Vivamus ornare, purus eget mollis ullamcorper, felis nisi consectetur lectus, eget tristique ex felis vel mi. Proin eu ullamcorper mi. Ut bibendum maximus est in cursus. Aliquam arcu libero, congue sit amet viverra non, semper in ligula. Donec a mollis nisl. Donec quis congue quam. Aliquam tempus, ligula sit amet eleifend vulputate, dui erat vestibulum nunc, eget laoreet nibh magna at leo. Pellentesque habitant morbi tristique senectus et netus et malesuada fames ac turpis egestas. Donec aliquam elit eu lorem consequat, in molestie lacus posuere. Praesent vel scelerisque tortor. Aenean id fringilla orci. Vestibulum aliquam ante in semper convallis.\n\nIn hac habitasse platea dictumst. Cras eget accumsan est. Nulla ultricies sem non diam porta semper. Aliquam in tempor mi. Cras sit amet varius odio. Integer non sollicitudin metus. Aliquam et justo rutrum, congue leo eget, condimentum est. Nunc porta cursus sapien, a vehicula ex egestas ac. Vestibulum volutpat urna at eros molestie sagittis. Duis sit amet pulvinar velit. Nullam sed urna nec orci dignissim laoreet. Donec vulputate erat eget convallis cursus.\n\nDonec ut lobortis nisl. Fusce scelerisque leo nisl. Pellentesque lacinia lorem non tristique dapibus. Maecenas pharetra est eu porta ultricies. Proin imperdiet mattis tincidunt. Cras mauris ligula, laoreet eu rutrum sit amet, aliquet a ligula. Quisque nec mattis leo, elementum iaculis tortor.\n\nNam ut rhoncus nibh. Fusce et cursus ante, ullamcorper porta nisl. Cras fermentum condimentum arcu, eu ultrices tellus ullamcorper vitae. Mauris vestibulum libero consectetur tempor fermentum. Mauris purus purus, blandit eu lacus ac, tempus euismod ante. Proin et ipsum eu ante luctus auctor. Nam urna elit, mattis non massa eu, varius venenatis nisl. Vestibulum sollicitudin, leo vitae blandit pretium, mi tortor porttitor orci, at aliquam ex lacus vel eros. Sed ultricies urna non varius sollicitudin. Duis placerat fermentum tristique. Aliquam congue, nibh et facilisis egestas, purus est tincidunt justo, ac dapibus odio justo finibus diam. Nulla at magna sit amet elit dictum ullamcorper. Sed tempor nisi ac ultricies mattis.\n\nFusce a velit id metus ultrices dictum eu convallis mauris. Fusce suscipit ut turpis et fermentum. Nam in est turpis. Nullam a mauris aliquet, ultrices felis id, porta justo. Vivamus laoreet, arcu nec blandit vehicula, lacus mi laoreet dui, vitae porta sapien purus semper odio. Donec non mauris lobortis, volutpat libero a, tempus elit. Duis vel sagittis dui. Morbi maximus dui quis luctus pretium. Pellentesque tincidunt massa eu mi semper tempor. Integer in vulputate mauris. Duis commodo mi et tempus vehicula. Ut mi diam, lacinia in turpis at, vestibulum tempus enim.\n\nPhasellus vitae sodales diam. Curabitur quis dapibus est, at tempus nibh. Donec vel pharetra est. Aenean dui neque, convallis ullamcorper lacus dignissim, hendrerit tempus augue. Duis ac diam mi. Quisque elementum consectetur neque ac maximus. Interdum et malesuada fames ac ante ipsum primis in faucibus. Maecenas ultrices luctus mi a faucibus. Aliquam consequat dignissim bibendum.\n\nSed lobortis mi in suscipit porttitor. Cras malesuada et dui vel tincidunt. Duis odio enim, finibus iaculis elit sit amet, iaculis sollicitudin odio. Proin tristique convallis ipsum. Aenean et sapien ac neque pretium semper at ac sem. Aenean luctus non enim vel cursus. Nunc in libero varius metus faucibus posuere. Pellentesque lobortis velit bibendum elit varius pharetra. Nullam porttitor odio purus, et faucibus nunc iaculis quis. Lorem ipsum dolor sit amet, consectetur adipiscing elit. Phasellus id eleifend enim.\n\nQuisque convallis aliquam nulla, et pharetra lacus. Praesent aliquam sagittis velit, sed pulvinar lacus laoreet eu. Aliquam erat volutpat. Praesent pharetra maximus nisl, ut bibendum enim facilisis vel. Aliquam nibh nulla, lacinia vel felis sit amet, mattis pulvinar nisi. Suspendisse consectetur, lacus scelerisque molestie feugiat, diam justo lobortis libero, in sodales massa nibh sed metus. Donec eu nisi ut purus accumsan efficitur nec venenatis tortor. Quisque ac vehicula libero, sed scelerisque arcu. Duis nec sem elit.\n\nInterdum et malesuada fames ac ante ipsum primis in faucibus. Donec orci tortor, luctus a sodales ut, auctor ac ante. Sed volutpat quis sapien a semper. Duis quis risus magna. Aliquam sodales venenatis nibh, sed ultricies odio lobortis in. Maecenas cursus quam nec tempor viverra. Aenean molestie dignissim metus, sed vulputate erat blandit ac.\n\nDonec ultrices lacus eget semper elementum. Donec vulputate lectus nec molestie posuere. Cras porta metus eu ipsum faucibus iaculis sed a velit. Curabitur consectetur eget arcu vestibulum ultrices. Vestibulum sed cursus purus, in fringilla quam. Aliquam id augue porta, sodales magna sed, luctus mauris. Pellentesque tortor dolor, ultricies non urna ultrices, pellentesque mattis leo. Cras sagittis ipsum lacinia volutpat posuere. Suspendisse potenti.\n\nInterdum et malesuada fames ac ante ipsum primis in faucibus. Quisque aliquet scelerisque sem id eleifend. Cras sit amet eleifend dolor. Mauris commodo nisi eu nisl finibus ornare. Duis dignissim scelerisque neque, quis pulvinar ligula iaculis id. Aliquam iaculis scelerisque ligula, vel porta elit facilisis a. Fusce consectetur velit ac dolor mollis dignissim. Integer lacinia placerat purus nec venenatis. Curabitur massa risus, placerat et bibendum eu, volutpat vestibulum eros. Class aptent taciti sociosqu ad litora torquent per conubia nostra, per inceptos himenaeos. Integer laoreet elementum ullamcorper.\n\nMorbi ut elit id elit rhoncus pellentesque. Curabitur purus lectus, vestibulum vel leo ac, tempor ornare sapien. Sed sed feugiat elit, eget tincidunt mi. Vivamus hendrerit vel urna ut venenatis. Lorem ipsum dolor sit amet, consectetur adipiscing elit. Duis sed eros est. Nullam vitae ipsum vitae lacus lacinia congue nec et dui. Vestibulum efficitur pharetra aliquam. Quisque augue massa, consectetur a ullamcorper a, interdum sed diam. Praesent id diam eu magna tempor placerat quis sit amet metus. Cras eget elit nisl.\n\nSuspendisse tempus varius ipsum sed pharetra. Donec sollicitudin vitae ipsum ut vehicula. Duis ultricies diam a mauris auctor, ac dictum diam vestibulum. Vivamus non est mauris. Aenean hendrerit arcu eget odio faucibus, varius consequat nibh sagittis. Vestibulum ante ipsum primis in faucibus orci luctus et ultrices posuere cubilia Curae; In dignissim dui at ex vestibulum lacinia ut eu purus.\n\nMorbi pretium sagittis augue. Nam eget ligula augue. Sed maximus velit non lectus tempor, sit amet pellentesque ex dapibus. Phasellus et scelerisque nisi. Maecenas non nisl quis nunc feugiat porttitor. Etiam non sem sed urna faucibus faucibus volutpat ut nunc. Duis suscipit lobortis velit sit amet laoreet. Duis orci elit, hendrerit a malesuada sit amet, dapibus tincidunt sem. Maecenas scelerisque, mauris nec viverra dapibus, orci augue finibus arcu, sit amet tempus turpis nibh a massa. Cras congue lorem vel nulla ullamcorper, sit amet eleifend eros pulvinar. Quisque eleifend vehicula nisi in malesuada. Duis hendrerit ullamcorper libero, elementum facilisis sem bibendum sed. Sed mattis sagittis eros sed cursus. Quisque finibus mauris et ligula malesuada, nec condimentum erat condimentum. Nunc dapibus orci at justo dapibus, in porttitor lectus efficitur. In cursus hendrerit erat, a imperdiet elit varius nec.\n\nUt nec sem sapien. Vivamus fermentum sed urna et porttitor. Vivamus bibendum, quam vitae efficitur posuere, neque mi congue magna, quis blandit urna leo eu sapien. Vestibulum a gravida nisi. Vestibulum metus mauris, euismod nec posuere non, aliquam dignissim arcu. Sed at dui id sem malesuada suscipit eget a nunc. Sed dictum, mauris quis fringilla vulputate, ligula libero efficitur lacus, vel vulputate velit urna lacinia libero. Sed orci massa, dictum sed gravida in, iaculis vel ante. Aliquam feugiat, lectus ut vehicula molestie, nibh dui fringilla dui, sed aliquam ante nisl in dolor. Ut semper sapien at purus ullamcorper, ut pretium nibh varius. Aliquam erat volutpat. Donec varius accumsan orci, nec tristique est maximus non. Phasellus eleifend lorem vel justo commodo, vitae cursus massa auctor. Donec mattis mollis enim, non finibus risus lacinia vel.\n\nQuisque ultricies posuere imperdiet. Ut sollicitudin, tortor vitae lobortis pharetra, tellus tortor faucibus lacus, gravida euismod elit eros nec nunc. Sed non eros vitae neque eleifend commodo. Pellentesque eget lacus tempor, facilisis purus quis, porta justo. Vivamus tristique pulvinar quam nec sollicitudin. Maecenas ullamcorper lobortis egestas. Donec varius dapibus risus id luctus. Etiam ultricies tellus tristique dui facilisis venenatis. Nulla vel maximus justo, a tempor eros. Aliquam massa nulla, porttitor sed pellentesque ac, auctor at neque. Maecenas fringilla tellus ipsum, ut aliquam risus tempus vitae. Praesent nisl magna, tincidunt sit amet posuere at, porttitor a quam. Maecenas nibh neque, congue et elit eu, tincidunt varius nulla.\n\nVestibulum tincidunt sollicitudin diam, venenatis elementum quam accumsan eget. Ut porttitor placerat nibh id placerat. Sed erat neque, condimentum sed feugiat non, fermentum non justo. Vivamus aliquam vehicula libero at convallis. Praesent pharetra vehicula ante ut imperdiet. Sed est libero, molestie vel magna ac, aliquet euismod lacus. Vivamus viverra, lorem eget luctus consequat, neque dui fermentum mauris, id cursus turpis sem eget ligula. Class aptent taciti sociosqu ad litora torquent per conubia nostra, per inceptos himenaeos. Curabitur cursus urna lacus, at congue augue finibus a. Nam ultricies mi id nibh lobortis placerat. Donec ut commodo lectus. Ut vestibulum urna in euismod blandit. Aenean molestie est luctus bibendum commodo. Curabitur non ipsum consequat, ultricies elit sed, tristique lectus.\n\nProin accumsan quis justo ut consectetur. Nunc at posuere urna. Nullam ut ex dapibus, ullamcorper ante non, aliquam dui. Vestibulum dapibus, ligula at malesuada tempus, eros lacus blandit libero, ut fringilla purus quam ut lorem. Suspendisse hendrerit a nibh at finibus. Morbi porta ante vel ultrices posuere. Sed vel leo massa. Nullam porttitor ligula erat, volutpat imperdiet risus faucibus at. Phasellus mollis porta volutpat. Pellentesque habitant morbi tristique senectus et netus et malesuada fames ac turpis egestas. Praesent pharetra odio dolor, et mollis sem laoreet quis. Integer lobortis, augue quis lacinia cursus, quam sem scelerisque justo, a luctus sem metus et eros. Nullam sed quam id tellus lobortis hendrerit. Nullam eget pretium massa. Nullam placerat pulvinar rutrum. Pellentesque vestibulum maximus ante non pellentesque.\n\nVivamus tempus, arcu volutpat elementum congue, arcu est pellentesque mi, vitae euismod nisi orci vitae dui. Nam condimentum iaculis enim non dictum. Vestibulum ante ipsum primis in faucibus orci luctus et ultrices posuere cubilia Curae; Nullam varius risus nec lorem tincidunt, ac interdum dolor egestas. Cras aliquam leo eget erat cursus, sit amet tempus risus interdum. Aliquam mauris turpis, sollicitudin imperdiet semper eu, congue quis justo. Donec ut dui quis diam eleifend gravida id eget ante. Cras non nisl non lectus varius fringilla et a lorem. Sed leo turpis, vehicula ut nulla vitae, gravida lacinia lectus. Maecenas rhoncus quam sed est facilisis, eu dictum lorem commodo.\n\nMauris sit amet suscipit dolor, at blandit ante. Sed cursus arcu nec iaculis malesuada. Curabitur scelerisque cursus quam, id efficitur orci molestie in. Ut ullamcorper diam purus, eu consequat purus lobortis ac. Donec lectus nibh, volutpat sit amet tempus facilisis, pellentesque et leo. Praesent porttitor suscipit ante, sed porta orci feugiat vel. Suspendisse commodo blandit finibus. Morbi eget ultricies velit, vel porttitor ante.\n\nCurabitur sit amet tempus ex, id viverra magna. Donec at sollicitudin augue. Mauris nec neque sed metus iaculis tincidunt. Maecenas id bibendum quam, vel rhoncus ligula. Nulla rhoncus lectus quis quam commodo, id luctus ipsum consectetur. Suspendisse lorem nulla, aliquam non sem egestas, mollis tristique leo. Fusce ornare libero sed risus finibus dictum. Sed placerat sollicitudin nisi, nec sollicitudin metus luctus non.\n\nVivamus malesuada ex at orci faucibus euismod. Duis pretium, risus blandit ornare malesuada, lectus arcu volutpat eros, eget varius magna ipsum quis nisl. Cras accumsan aliquam turpis, id interdum dolor feugiat quis. Proin in viverra elit. Nunc vulputate arcu libero, sed vulputate libero feugiat ut. Sed efficitur neque tortor, ac tempor tellus scelerisque ut. Ut vitae dui ac magna interdum convallis vel vehicula justo. In placerat placerat nunc, at interdum felis ornare eu. Cras commodo ultrices ultricies. Donec non tortor dapibus, ultricies erat at, sagittis nisl. Donec dui nibh, volutpat id mi eget, facilisis posuere eros. Proin dignissim dolor id magna pretium finibus. Integer scelerisque ullamcorper volutpat. Quisque sed ante at tortor viverra rutrum. Etiam vitae tempor orci, et tincidunt nunc. Aliquam gravida libero leo, id vehicula ligula rhoncus id.\n\nDonec euismod lacus tincidunt justo consequat posuere non ut metus. Class aptent taciti sociosqu ad litora torquent per conubia nostra, per inceptos himenaeos. Vestibulum a mi libero. Morbi vehicula massa lectus, sit amet tristique orci porta sit amet. Praesent quis faucibus quam. Quisque dapibus, ligula id tincidunt interdum, lectus velit iaculis enim, ut ultrices metus diam et risus. Pellentesque tortor ex, sodales sed tellus ac, porta efficitur nisl. Maecenas tellus nisl, convallis eget tellus ut, vulputate faucibus ligula. Proin eleifend purus at pretium porttitor.\n\nCras tempus massa est, ut tristique eros malesuada a. Curabitur tincidunt, ante ut efficitur interdum, risus erat consectetur lorem, vel iaculis justo mauris eu ex. Vestibulum quis ante ut nisi sodales viverra a et lectus. Phasellus convallis tincidunt nulla vel dictum. Curabitur quis diam dolor. Vivamus vel mattis nunc. Class aptent taciti sociosqu ad litora torquent per conubia nostra, per inceptos himenaeos. Nunc sed lectus elit.\n\nInteger',0.000,NULL,'2015-12-05 00:57:42',0,0);
/*!40000 ALTER TABLE `oc_messages` ENABLE KEYS */;
UNLOCK TABLES;

--
-- Table structure for table `oc_orders`
--

DROP TABLE IF EXISTS `oc_orders`;
/*!40101 SET @saved_cs_client     = @@character_set_client */;
/*!40101 SET character_set_client = utf8 */;
CREATE TABLE `oc_orders` (
  `id_order` int(10) unsigned NOT NULL AUTO_INCREMENT,
  `id_user` int(10) unsigned NOT NULL,
  `id_ad` int(10) unsigned DEFAULT NULL,
  `id_product` varchar(20) NOT NULL,
  `id_coupon` int(10) unsigned DEFAULT NULL,
  `paymethod` varchar(20) DEFAULT NULL,
  `created` timestamp NOT NULL DEFAULT CURRENT_TIMESTAMP,
  `pay_date` datetime DEFAULT NULL,
  `currency` char(3) NOT NULL,
  `amount` decimal(14,3) NOT NULL DEFAULT '0.000',
  `status` tinyint(1) NOT NULL DEFAULT '0',
  `description` varchar(145) DEFAULT NULL,
  `txn_id` varchar(255) DEFAULT NULL,
  `featured_days` int(10) unsigned DEFAULT NULL,
  PRIMARY KEY (`id_order`),
  KEY `oc_orders_IK_id_user` (`id_user`),
  KEY `oc_orders_IK_status` (`status`)
) ENGINE=MyISAM DEFAULT CHARSET=utf8;
/*!40101 SET character_set_client = @saved_cs_client */;

--
-- Dumping data for table `oc_orders`
--

LOCK TABLES `oc_orders` WRITE;
/*!40000 ALTER TABLE `oc_orders` DISABLE KEYS */;
/*!40000 ALTER TABLE `oc_orders` ENABLE KEYS */;
UNLOCK TABLES;

--
-- Table structure for table `oc_posts`
--

DROP TABLE IF EXISTS `oc_posts`;
/*!40101 SET @saved_cs_client     = @@character_set_client */;
/*!40101 SET character_set_client = utf8 */;
CREATE TABLE `oc_posts` (
  `id_post` int(10) unsigned NOT NULL AUTO_INCREMENT,
  `id_user` int(10) unsigned NOT NULL,
  `id_post_parent` int(10) unsigned DEFAULT NULL,
  `id_forum` int(10) unsigned DEFAULT NULL,
  `title` varchar(245) NOT NULL,
  `seotitle` varchar(245) NOT NULL,
  `description` longtext,
  `created` timestamp NOT NULL DEFAULT CURRENT_TIMESTAMP,
  `ip_address` bigint(20) DEFAULT NULL,
  `status` tinyint(1) NOT NULL DEFAULT '0',
  PRIMARY KEY (`id_post`) USING BTREE,
  UNIQUE KEY `oc_posts_UK_seotitle` (`seotitle`),
  KEY `oc_posts_IK_id_user` (`id_user`),
  KEY `oc_posts_IK_id_post_parent` (`id_post_parent`),
  KEY `oc_posts_IK_id_forum` (`id_forum`)
) ENGINE=MyISAM DEFAULT CHARSET=utf8;
/*!40101 SET character_set_client = @saved_cs_client */;

--
-- Dumping data for table `oc_posts`
--

LOCK TABLES `oc_posts` WRITE;
/*!40000 ALTER TABLE `oc_posts` DISABLE KEYS */;
/*!40000 ALTER TABLE `oc_posts` ENABLE KEYS */;
UNLOCK TABLES;

--
-- Table structure for table `oc_reviews`
--

DROP TABLE IF EXISTS `oc_reviews`;
/*!40101 SET @saved_cs_client     = @@character_set_client */;
/*!40101 SET character_set_client = utf8 */;
CREATE TABLE `oc_reviews` (
  `id_review` int(10) unsigned NOT NULL AUTO_INCREMENT,
  `id_user` int(10) unsigned NOT NULL,
  `id_ad` int(10) unsigned NOT NULL,
  `rate` int(2) unsigned NOT NULL DEFAULT '0',
  `description` varchar(1000) NOT NULL,
  `created` timestamp NOT NULL DEFAULT CURRENT_TIMESTAMP,
  `ip_address` bigint(20) DEFAULT NULL,
  `status` tinyint(1) NOT NULL DEFAULT '0',
  PRIMARY KEY (`id_review`) USING BTREE,
  KEY `oc_reviews_IK_id_user` (`id_user`),
  KEY `oc_reviews_IK_id_ad` (`id_ad`)
) ENGINE=MyISAM DEFAULT CHARSET=utf8;
/*!40101 SET character_set_client = @saved_cs_client */;

--
-- Dumping data for table `oc_reviews`
--

LOCK TABLES `oc_reviews` WRITE;
/*!40000 ALTER TABLE `oc_reviews` DISABLE KEYS */;
/*!40000 ALTER TABLE `oc_reviews` ENABLE KEYS */;
UNLOCK TABLES;

--
-- Table structure for table `oc_roles`
--

DROP TABLE IF EXISTS `oc_roles`;
/*!40101 SET @saved_cs_client     = @@character_set_client */;
/*!40101 SET character_set_client = utf8 */;
CREATE TABLE `oc_roles` (
  `id_role` int(10) unsigned NOT NULL AUTO_INCREMENT,
  `name` varchar(45) DEFAULT NULL,
  `description` varchar(245) DEFAULT NULL,
  `date_created` timestamp NOT NULL DEFAULT CURRENT_TIMESTAMP,
  PRIMARY KEY (`id_role`),
  UNIQUE KEY `oc_roles_UK_name` (`name`)
) ENGINE=MyISAM AUTO_INCREMENT=11 DEFAULT CHARSET=utf8;
/*!40101 SET character_set_client = @saved_cs_client */;

--
-- Dumping data for table `oc_roles`
--

LOCK TABLES `oc_roles` WRITE;
/*!40000 ALTER TABLE `oc_roles` DISABLE KEYS */;
INSERT INTO `oc_roles` (`id_role`, `name`, `description`, `date_created`) VALUES (1,'user','Normal user','2015-11-30 20:53:50'),(5,'translator','User + Translations','2015-11-30 20:53:50'),(7,'moderator','The Boss Man','2015-11-30 20:53:50'),(10,'admin','Full access','2015-11-30 20:53:50');
/*!40000 ALTER TABLE `oc_roles` ENABLE KEYS */;
UNLOCK TABLES;

--
-- Table structure for table `oc_subscribers`
--

DROP TABLE IF EXISTS `oc_subscribers`;
/*!40101 SET @saved_cs_client     = @@character_set_client */;
/*!40101 SET character_set_client = utf8 */;
CREATE TABLE `oc_subscribers` (
  `id_subscribe` int(10) unsigned NOT NULL AUTO_INCREMENT,
  `id_user` int(10) unsigned NOT NULL,
  `id_category` int(10) unsigned NOT NULL DEFAULT '0',
  `id_location` int(10) unsigned NOT NULL DEFAULT '0',
  `min_price` decimal(14,3) NOT NULL DEFAULT '0.000',
  `max_price` decimal(14,3) NOT NULL DEFAULT '0.000',
  `cf_make` varchar(256) DEFAULT NULL,
  `cf_model` varchar(256) DEFAULT NULL,
  `cf_year` varchar(256) DEFAULT NULL,
  `created` timestamp NOT NULL DEFAULT CURRENT_TIMESTAMP ON UPDATE CURRENT_TIMESTAMP,
  PRIMARY KEY (`id_subscribe`)
) ENGINE=MyISAM AUTO_INCREMENT=15 DEFAULT CHARSET=utf8;
/*!40101 SET character_set_client = @saved_cs_client */;

--
-- Dumping data for table `oc_subscribers`
--

LOCK TABLES `oc_subscribers` WRITE;
/*!40000 ALTER TABLE `oc_subscribers` DISABLE KEYS */;
INSERT INTO `oc_subscribers` (`id_subscribe`, `id_user`, `id_category`, `id_location`, `min_price`, `max_price`, `cf_make`, `cf_model`, `cf_year`, `created`) VALUES (14,4,26,4249,0.000,0.000,'Honda','Accord','2015','2016-01-26 02:10:43'),(6,4,26,3614,0.000,10000.000,NULL,NULL,NULL,'2015-12-05 01:12:35'),(13,1,26,4249,0.000,0.000,'Toyota','Prius','2005','2016-01-25 02:06:55'),(9,1,26,4249,0.000,0.000,NULL,NULL,NULL,'2016-01-12 22:58:11'),(12,1,26,4249,0.000,0.000,'Honda','Civic','1990','2016-01-23 00:28:28');
/*!40000 ALTER TABLE `oc_subscribers` ENABLE KEYS */;
UNLOCK TABLES;

--
-- Table structure for table `oc_users`
--

DROP TABLE IF EXISTS `oc_users`;
/*!40101 SET @saved_cs_client     = @@character_set_client */;
/*!40101 SET character_set_client = utf8 */;
CREATE TABLE `oc_users` (
  `id_user` int(10) unsigned NOT NULL AUTO_INCREMENT,
  `name` varchar(145) DEFAULT NULL,
  `seoname` varchar(145) DEFAULT NULL,
  `email` varchar(145) NOT NULL,
  `password` varchar(64) NOT NULL,
  `description` text,
  `status` int(1) NOT NULL DEFAULT '0',
  `id_role` int(10) unsigned DEFAULT '1',
  `id_location` int(10) unsigned DEFAULT NULL,
  `created` timestamp NOT NULL DEFAULT CURRENT_TIMESTAMP,
  `last_modified` datetime DEFAULT NULL,
  `logins` int(10) unsigned NOT NULL DEFAULT '0',
  `last_login` datetime DEFAULT NULL,
  `last_ip` bigint(20) DEFAULT NULL,
  `user_agent` varchar(40) DEFAULT NULL,
  `token` varchar(40) DEFAULT NULL,
  `token_created` datetime DEFAULT NULL,
  `token_expires` datetime DEFAULT NULL,
  `api_token` varchar(40) DEFAULT NULL,
  `hybridauth_provider_name` varchar(40) DEFAULT NULL,
  `hybridauth_provider_uid` varchar(245) DEFAULT NULL,
  `subscriber` tinyint(1) NOT NULL DEFAULT '1',
  `rate` float(4,2) DEFAULT NULL,
  `has_image` tinyint(1) NOT NULL DEFAULT '0',
  `failed_attempts` int(10) unsigned NOT NULL DEFAULT '0',
  `last_failed` datetime DEFAULT NULL,
  `notification_date` datetime DEFAULT NULL,
  `device_id` varchar(255) DEFAULT NULL,
  `cf_business-type` varchar(256) DEFAULT NULL,
  PRIMARY KEY (`id_user`),
  UNIQUE KEY `oc_users_UK_email` (`email`),
  UNIQUE KEY `oc_users_UK_token` (`token`),
  UNIQUE KEY `oc_users_UK_api_token` (`api_token`),
  UNIQUE KEY `oc_users_UK_seoname` (`seoname`),
  UNIQUE KEY `oc_users_UK_provider_AND_uid` (`hybridauth_provider_name`,`hybridauth_provider_uid`)
) ENGINE=InnoDB AUTO_INCREMENT=11 DEFAULT CHARSET=utf8;
/*!40101 SET character_set_client = @saved_cs_client */;

--
-- Dumping data for table `oc_users`
--

LOCK TABLES `oc_users` WRITE;
/*!40000 ALTER TABLE `oc_users` DISABLE KEYS */;
INSERT INTO `oc_users` (`id_user`, `name`, `seoname`, `email`, `password`, `description`, `status`, `id_role`, `id_location`, `created`, `last_modified`, `logins`, `last_login`, `last_ip`, `user_agent`, `token`, `token_created`, `token_expires`, `api_token`, `hybridauth_provider_name`, `hybridauth_provider_uid`, `subscriber`, `rate`, `has_image`, `failed_attempts`, `last_failed`, `notification_date`, `device_id`, `cf_business-type`) VALUES (1,'Jesse','admin','drrrreams@gmail.com','91046a187d7b963f940f8699c7b9c3ab40617c3d09a873c6ecaaf4c880414aab',NULL,1,10,NULL,'2015-11-30 20:53:50','2015-11-30 22:03:01',69,'2016-02-22 16:33:56',1756220935,'1a700bc4c8191ffbca1612e2ac8afd12b04cea94','9ab63d032b6774ff2003d3570a9460cf6e78a4b2','2016-02-22 16:33:56','2016-05-22 17:33:56',NULL,NULL,NULL,0,NULL,0,0,'2016-02-09 16:02:44','2015-12-04 13:29:50',NULL,NULL),(2,'Jim99','jim99','opticdesign.jp@gmail.com','91046a187d7b963f940f8699c7b9c3ab40617c3d09a873c6ecaaf4c880414aab',NULL,1,1,NULL,'2015-12-03 02:24:41',NULL,8,'2016-02-20 07:02:21',1113014874,'47b6dd7d7fd3806ad39dadc8a1a33d45ca9c3a33','a8489a0241ca03f8d552c61342c578316109de4f','2016-02-20 07:02:21','2016-05-20 08:02:21',NULL,NULL,NULL,1,NULL,0,0,NULL,NULL,NULL,NULL),(3,'John Doe','john-doe','dreams@privateselectionrecords.net','2653ff6746b8642c0aaef83895ab04bbea8a448ab54b8f0c241ec269d5cc4bd2',NULL,1,1,NULL,'2015-12-03 22:53:37',NULL,1,'2015-12-03 17:53:37',1756220935,'0e8616f500e5b6d39b7c6d610909e09cd4045926','1ac2e9a190184f0e97b00beca960d31d5ce9bbc2','2015-12-03 17:53:37','2016-03-02 17:53:37',NULL,NULL,NULL,1,NULL,0,0,NULL,NULL,NULL,NULL),(4,'Sergio','sergio','p.sergio.serrato@gmail.com','43ae2d586f8218eb61d38046abedf7121bebae3fd87822ba58ab47421974d4f1',NULL,1,1,NULL,'2015-12-05 00:55:06',NULL,2,'2015-12-05 16:40:26',1668984411,'7ace057b06dba0748658983156d0d34b2d8fe053','50467c80b5fafed8c9e71363b162b89f1eb0510c','2015-12-05 16:40:26','2016-03-04 16:40:26',NULL,NULL,NULL,1,NULL,0,1,'2015-12-05 16:42:23',NULL,NULL,NULL),(6,'mike','mike-2','mikeyhimself@hotmail.com','700e95cccb4e7f585d8e96350d4e03904adb57116b707c04e570d5e248626c52',NULL,1,1,NULL,'2016-01-11 01:02:44',NULL,7,'2016-02-15 18:13:17',2796160338,'4bf429cb52883d8c0559e32b313e00bc6daef91e','9ddc4b3babb0772b338eb582ae3118bb759bfb03','2016-02-15 18:13:17','2016-05-15 19:13:17',NULL,NULL,NULL,1,NULL,0,2,'2016-02-19 19:45:19',NULL,NULL,NULL),(7,'chema','chema','neo22s@gmail.com','b12cd4da084029c0d87aae8b4dde484b1bc10d9658cb11358f706da9e4b743a9',NULL,1,1,NULL,'2016-01-13 04:22:00',NULL,1,'2016-01-12 23:22:00',1535045585,'db1a264c3c85b44c42969173770b8c19c9b01d84','3370ac71d725664e910dcb7b4a587a9e7334f220','2016-01-12 23:22:00','2016-04-12 00:22:00',NULL,NULL,NULL,1,NULL,0,0,NULL,NULL,NULL,'Business'),(8,'Oliver','oliver','oliver@open-classifieds.com','b12cd4da084029c0d87aae8b4dde484b1bc10d9658cb11358f706da9e4b743a9',NULL,1,10,NULL,'2016-01-18 20:25:53',NULL,12,'2016-02-19 07:56:13',3184495098,'0a79f198829067f035e395053de81c2bdec9aed2','a6191c215219a42a50ab82307fd8eac0361b7106','2016-02-19 07:56:13','2016-05-19 08:56:13',NULL,NULL,NULL,1,NULL,0,0,NULL,NULL,NULL,'Business'),(9,'Mike Laird','mike-laird','thirtysecondads@gmail.com','95de6ad2182a8c0c7be10b65426ee7bdc998b8a76404d53166fbe73c6b93fc10',NULL,1,7,NULL,'2016-01-24 20:32:34',NULL,6,'2016-02-17 14:15:07',1756220935,'87e03e708a7085c60ef963126ae668d8526b55ca','8e1b8ed2d7194758bc44a0f563844e4648b732d8','2016-02-17 14:20:48','2016-05-17 15:20:48',NULL,NULL,NULL,0,NULL,0,0,NULL,NULL,NULL,NULL),(10,'Jim','jim','hoesandhouse@aim.com','4300ad333694911ae160ab63cbdbe944a4784ffa9103de6dc61b730f22b247d9',NULL,1,1,NULL,'2016-02-15 23:44:30',NULL,0,NULL,NULL,'ef47592d2daeaaf7187343ce82c6f089a6772de6','a6b862b9f3fd48f047bd42f920663f59a0e25d72','2016-02-15 18:44:30','2016-05-15 19:44:30',NULL,NULL,NULL,1,NULL,0,0,NULL,NULL,NULL,NULL);
/*!40000 ALTER TABLE `oc_users` ENABLE KEYS */;
UNLOCK TABLES;

--
-- Table structure for table `oc_visits`
--

DROP TABLE IF EXISTS `oc_visits`;
/*!40101 SET @saved_cs_client     = @@character_set_client */;
/*!40101 SET character_set_client = utf8 */;
CREATE TABLE `oc_visits` (
  `id_visit` int(10) unsigned NOT NULL AUTO_INCREMENT,
  `id_ad` int(10) unsigned DEFAULT NULL,
  `id_user` int(10) unsigned DEFAULT NULL,
  `contacted` tinyint(1) NOT NULL DEFAULT '0',
  `created` timestamp NOT NULL DEFAULT CURRENT_TIMESTAMP,
  PRIMARY KEY (`id_visit`),
  KEY `oc_visits_IK_id_user` (`id_user`),
  KEY `oc_visits_IK_id_ad` (`id_ad`)
) ENGINE=MyISAM AUTO_INCREMENT=90 DEFAULT CHARSET=utf8;
/*!40101 SET character_set_client = @saved_cs_client */;

--
-- Dumping data for table `oc_visits`
--

LOCK TABLES `oc_visits` WRITE;
/*!40000 ALTER TABLE `oc_visits` DISABLE KEYS */;
INSERT INTO `oc_visits` (`id_visit`, `id_ad`, `id_user`, `contacted`, `created`) VALUES (1,NULL,NULL,0,'2015-12-03 05:35:24'),(2,NULL,NULL,0,'2015-12-03 05:35:55'),(3,NULL,1,1,'2015-12-03 05:36:07'),(4,NULL,1,0,'2015-12-03 05:36:43'),(5,NULL,3,1,'2015-12-04 01:54:13'),(6,NULL,3,0,'2015-12-04 01:54:25'),(7,NULL,2,0,'2015-12-04 11:28:18'),(8,NULL,NULL,0,'2015-12-04 16:37:56'),(9,NULL,NULL,0,'2015-12-04 16:38:30'),(10,NULL,NULL,0,'2015-12-04 21:52:55'),(11,NULL,1,0,'2015-12-04 23:29:10'),(12,NULL,2,0,'2015-12-05 02:55:53'),(13,NULL,NULL,0,'2015-12-05 03:53:49'),(14,NULL,NULL,0,'2015-12-05 03:53:56'),(15,NULL,4,0,'2015-12-05 03:55:07'),(16,NULL,4,1,'2015-12-05 03:57:31'),(17,NULL,4,0,'2015-12-05 03:57:43'),(18,NULL,4,0,'2015-12-05 04:10:48'),(19,NULL,1,0,'2015-12-05 22:09:12'),(20,NULL,1,0,'2015-12-05 22:09:27'),(21,NULL,NULL,0,'2015-12-05 23:32:25'),(22,NULL,NULL,0,'2015-12-06 00:15:59'),(23,NULL,NULL,0,'2015-12-06 00:18:49'),(24,NULL,NULL,0,'2015-12-06 00:19:25'),(25,NULL,NULL,0,'2015-12-06 00:26:28'),(26,NULL,NULL,0,'2015-12-06 00:27:11'),(27,NULL,NULL,1,'2015-12-06 00:27:20'),(28,NULL,NULL,0,'2015-12-06 00:28:17'),(29,NULL,NULL,0,'2015-12-06 00:36:21'),(30,NULL,NULL,0,'2015-12-06 00:36:22'),(31,NULL,NULL,0,'2015-12-06 00:36:23'),(32,NULL,NULL,0,'2015-12-06 00:37:21'),(33,NULL,NULL,0,'2015-12-06 00:46:30'),(34,NULL,NULL,0,'2015-12-06 00:46:38'),(35,NULL,1,0,'2015-12-08 04:21:21'),(36,NULL,1,0,'2015-12-08 04:29:08'),(37,NULL,1,0,'2015-12-08 04:29:52'),(38,NULL,1,0,'2015-12-08 04:30:15'),(39,NULL,1,0,'2015-12-08 04:30:22'),(40,NULL,NULL,0,'2015-12-08 12:06:18'),(41,NULL,NULL,0,'2015-12-08 12:06:29'),(42,NULL,NULL,0,'2015-12-11 10:20:19'),(43,NULL,NULL,0,'2015-12-11 12:02:16'),(44,NULL,NULL,0,'2015-12-11 13:10:03'),(45,NULL,NULL,0,'2015-12-11 13:41:10'),(46,NULL,NULL,0,'2015-12-11 17:47:06'),(47,NULL,NULL,0,'2015-12-11 18:13:56'),(48,NULL,NULL,0,'2015-12-11 19:52:34'),(49,NULL,NULL,0,'2015-12-11 23:24:44'),(50,NULL,NULL,0,'2015-12-11 23:49:39'),(51,NULL,NULL,0,'2015-12-12 01:14:19'),(52,NULL,NULL,0,'2015-12-12 01:47:27'),(53,NULL,NULL,0,'2015-12-12 02:59:45'),(54,NULL,NULL,0,'2015-12-12 03:35:20'),(55,NULL,NULL,0,'2015-12-12 04:17:25'),(56,NULL,NULL,0,'2015-12-12 04:36:57'),(57,NULL,NULL,0,'2015-12-12 05:50:42'),(58,NULL,NULL,0,'2015-12-12 09:23:48'),(59,NULL,NULL,0,'2015-12-12 10:03:13'),(60,NULL,NULL,0,'2015-12-12 10:16:14'),(61,NULL,1,0,'2015-12-21 04:23:16'),(62,NULL,1,0,'2015-12-21 04:31:26'),(63,NULL,NULL,0,'2016-01-07 04:39:47'),(64,NULL,NULL,0,'2016-01-07 04:42:35'),(65,NULL,NULL,0,'2016-01-08 00:59:15'),(66,NULL,NULL,0,'2016-01-08 01:03:24'),(67,NULL,NULL,0,'2016-01-11 05:37:15'),(68,NULL,NULL,0,'2016-01-11 06:02:30'),(69,NULL,NULL,0,'2016-01-11 07:33:52'),(70,NULL,NULL,0,'2016-01-11 08:00:18'),(71,NULL,NULL,0,'2016-01-11 10:20:24'),(72,NULL,NULL,0,'2016-01-11 10:37:36'),(73,NULL,NULL,0,'2016-01-11 11:27:22'),(74,NULL,NULL,0,'2016-01-11 12:53:13'),(75,NULL,NULL,0,'2016-01-11 13:47:55'),(76,NULL,NULL,0,'2016-01-11 15:34:10'),(77,NULL,NULL,0,'2016-01-11 16:36:35'),(78,NULL,NULL,0,'2016-01-13 07:04:24'),(79,NULL,NULL,0,'2016-01-18 10:18:22'),(80,NULL,NULL,0,'2016-01-18 10:18:41'),(81,NULL,NULL,0,'2016-01-18 19:19:43'),(82,NULL,NULL,0,'2016-01-25 05:10:44'),(83,NULL,1,0,'2016-01-25 05:11:02'),(84,NULL,1,0,'2016-01-25 05:13:07'),(85,67,1,0,'2016-01-26 04:18:08'),(86,69,NULL,0,'2016-01-26 05:01:10'),(87,70,NULL,0,'2016-01-26 06:01:04'),(88,70,NULL,0,'2016-01-26 06:01:39'),(89,70,NULL,0,'2016-01-26 06:01:45');
/*!40000 ALTER TABLE `oc_visits` ENABLE KEYS */;
UNLOCK TABLES;

--
-- Dumping events for database 'n0sade5_open104'
--

--
-- Dumping routines for database 'n0sade5_open104'
--
/*!40103 SET TIME_ZONE=@OLD_TIME_ZONE */;

/*!40101 SET SQL_MODE=@OLD_SQL_MODE */;
/*!40014 SET FOREIGN_KEY_CHECKS=@OLD_FOREIGN_KEY_CHECKS */;
/*!40014 SET UNIQUE_CHECKS=@OLD_UNIQUE_CHECKS */;
/*!40101 SET CHARACTER_SET_CLIENT=@OLD_CHARACTER_SET_CLIENT */;
/*!40101 SET CHARACTER_SET_RESULTS=@OLD_CHARACTER_SET_RESULTS */;
/*!40101 SET COLLATION_CONNECTION=@OLD_COLLATION_CONNECTION */;
/*!40111 SET SQL_NOTES=@OLD_SQL_NOTES */;

-- Dump completed on 2016-02-24 20:45:45
